true_time,timestamp,uptime_ms,pressure_hPa,pressure_hPa_filtered,ds18b20_tempC,ds18b20_tempC_corrected,ds18b20_tempC_filtered,thermistor_mV,thermistor_tempC_calc,thermistor_tempC_filtered,lps33hw_tempC,avg_temp_filtered,temp_norm,pressure_norm,fermentation_activity_index,pressure_adjusted_thermistor,pressure_adjusted_ds18b20
2026-07-14 17:14:38.925,2026-07-14 17:16:19,4803645,995.9001,995.9001,21.54167,21.408920180000003,21.408920180000003,942,22.659005999999998,22.659005999999998,19.7,22.03396309,-1.1275318670890468,-0.8589607282490069,-0.9932462976690268,998.8949987337722,1010.9741309140742
2026-07-14 17:14:58.940,2026-07-14 17:16:19,4823660,995.8855,995.885500038587,21.54167,21.408920180000003,21.408920180000003,942,22.659005999999998,22.659005999999998,19.71,22.03396309,-1.1275318670890468,-0.9201020650518079,-1.0238169660704273,998.8803548669455,1010.9593099663699
2026-07-14 17:15:18.955,2026-07-14 17:16:19,4843675,995.9041,995.9019930934597,21.54167,21.408920180000003,21.408920180000003,942,22.659005999999998,22.659005999999998,19.72,22.03396309,-1.1275318670890468,-0.8510328809383166,-0.9892823740136818,998.8968975201958,1010.976052661562
2026-07-14 17:15:38.970,2026-07-14 17:16:19,4863690,995.8884,995.8929008387623,21.5625,21.430875,21.426435810581584,940,22.65242,22.653706300460495,19.72,22.04007105552104,-1.1249563692987685,-0.889109187513876,-1.0070327784063222,998.9056742677323,1010.9067103013169
2026-07-14 17:15:58.985,2026-07-14 17:16:19,4883705,995.8872,995.8878038651054,21.5625,21.430875,21.432600413387064,939,22.649127,22.6495415019684,19.73,22.041070957677732,-1.124534748419249,-0.910454160573609,-1.017494454496429,998.9146261952144,1010.8803817873793
2026-07-14 17:16:19.000,2026-07-14 17:16:19,4903720,995.8932,995.8910721561023,21.5625,21.430875,21.43493314119433,920,22.58656,22.606681224942676,19.73333,22.020807183068502,-1.1330792149112416,-0.8967672969610047,-1.0149232559361232,999.0626649637428,1010.8756944025937
2026-07-14 17:16:33.699,2026-07-14 17:26:14,0,995.8543,995.8652134357744,21.54167,21.408920180000003,21.424438633281977,784,22.138711999999998,22.327840684718858,19.73333,21.876139659000415,-1.1940800321684713,-1.0050577700749541,-1.0995689011217127,999.9795084306344,1010.8854591192219
2026-07-14 17:16:53.714,2026-07-14 17:26:14,20015,995.8637,995.8596579292965,21.54167,21.408920180000003,21.41779485207292,728,21.954304,22.038516329838732,19.74667,21.728155590955826,-1.2564793104440908,-1.0283229748975788,-1.1424011426708347,1000.9540386017698,1010.9026195449729
2026-07-14 17:17:13.729,2026-07-14 17:26:14,40030,996.4252,996.2992843487408,32.22917,32.673545180000005,26.606216659587844,1591,24.796163,23.69913580487853,20.28667,25.152676232233187,0.18751137908933882,0.8127330538396196,0.5001222164644792,995.7939520295732,993.8436463930317
2026-07-14 17:17:33.740,2026-07-14 17:26:14,60041,995.8668,996.0298585681271,34.72917,35.30854518,31.33544587687561,1854,25.662222,25.21094113703373,21.04,28.27319350695467,1.5033153596269755,-0.31556118817405665,0.5938770857264595,990.4803045913319,978.1428059478845
2026-07-14 17:17:53.750,2026-07-14 17:26:14,80051,995.8702,995.8807971990713,35.29167,35.90142018000001,34.69678686519451,1901,25.816992999999997,26.001362501661873,21.72333,30.349074683428192,2.3786358512819383,-0.9397964934566998,0.7194196789126193,987.7154063061046,967.317799516989
2026-07-14 17:18:13.760,2026-07-14 17:26:14,100061,995.8815,995.8513399380082,35.4375,36.055125000000004,36.79186641790861,1971,26.047503,26.3754112583577,22.31,31.583638838133155,2.8992048102007315,-1.0631568414056651,0.9180239843975332,986.4527633624675,960.750710018626
2026-07-14 17:18:33.770,2026-07-14 17:26:14,120071,995.8384,995.8284523268304,35.47917,36.099045180000005,37.89417606302979,2020,26.208859999999998,26.5090846088163,22.84333,32.20163033592304,3.1597884253973265,-1.1590049812775496,1.0003917220598884,985.9900603289111,957.3239023495249
2026-07-14 17:18:53.780,2026-07-14 17:26:14,140081,995.896,995.8743359855167,35.5,36.121,38.2959503267475,2049,26.304357,26.522702808687228,23.25,32.409326567717365,3.247366062205003,-0.9668545947022156,1.1402557337513937,985.9906816943447,956.1329795143904
2026-07-14 17:19:13.790,2026-07-14 17:26:14,160091,995.8816,995.8853731794222,35.45833,36.07707982,38.22673863201571,2052,26.314235999999998,26.464367085129037,23.58333,32.345552858572375,3.22047510376475,-0.9206333225462687,1.1499208906092406,986.1935865152681,956.3561043923692
2026-07-14 17:19:33.800,2026-07-14 17:26:14,180101,995.8577,995.8668706410398,35.41667,36.033170180000006,37.896473925051765,2083,26.416318999999998,26.460696968522083,23.86,32.178585446786926,3.1500712682125274,-0.9981177691794143,1.0759767495165566,986.1873443107671,957.3537626648582
2026-07-14 17:19:53.810,2026-07-14 17:26:14,200111,995.8237,995.8309744653759,35.375,35.989250000000006,37.45631955116827,2089,26.436076999999997,26.45785831760459,24.08667,31.95708893438643,3.056674575602393,-1.1484428353984437,0.9541158701019746,986.161140383863,958.6758538117347
2026-07-14 17:20:13.820,2026-07-14 17:26:14,220121,995.8454,995.8360535393389,35.29167,35.90142018000001,36.985565842144574,2087,26.429491,26.44568683070639,24.26333,31.71562633642548,2.954858940700537,-1.127172822209161,0.9138430592456879,986.2062344956312,960.1359215861042
2026-07-14 17:20:33.830,2026-07-14 17:26:14,240131,995.8436,995.8410903016378,35.22917,35.835545180000004,36.55579196121397,2101,26.475592999999996,26.46558785466947,24.40333,31.510689907941718,2.8684450084526634,-1.1060800007007214,0.881182503875971,986.1457165704531,961.473150115586
2026-07-14 17:20:53.840,2026-07-14 17:26:14,260141,995.8569,995.8540392550217,35.14583,35.747704819999996,36.18532344384217,2106,26.492058,26.48648075579044,24.51333,31.335902099816305,2.794743607872725,-1.0518527121692498,0.8714454478517376,986.0897770902601,962.6371539242945
2026-07-14 17:21:13.850,2026-07-14 17:26:14,280151,995.879,995.8757970771866,35.08333,35.68182982,35.89345082491724,2112,26.511816,26.508425218596532,24.60667,31.200938021756883,2.7378343663893463,-0.9607358731960766,0.8885492465966349,986.039107079303,963.567357730953
2026-07-14 17:21:33.860,2026-07-14 17:26:14,300161,995.8862,995.8879788700634,35.02083,35.61595482,35.67417622699116,2104,26.485471999999998,26.500597601955143,24.66,31.08738691447315,2.68995416390858,-0.9097212793845991,0.8901164422619905,986.0769266490115,964.2633149434848
2026-07-14 17:21:53.870,2026-07-14 17:26:14,320171,995.8703,995.8771348447906,34.9375,35.528125,35.505320281564366,2104,26.485471999999998,26.49295281171655,24.71,30.999136546640457,2.652742325275663,-0.9551336049895117,0.8488043601430755,986.0913469596474,964.7803286836282
2026-07-14 17:22:13.880,2026-07-14 17:26:14,340181,995.8559,995.8595925087707,34.875,35.462250000000004,35.38461013211625,2104,26.485471999999998,26.487809334174255,24.73,30.936209733145255,2.626208470664354,-1.0285969412658524,0.7988057646992507,986.0909035999318,965.1407852109721
2026-07-14 17:22:33.890,2026-07-14 17:26:14,360191,995.8852,995.8766475029312,34.8125,35.396375,35.29781307232544,2109,26.501936999999998,26.495727269665775,24.75333,30.89677017099561,2.609578300632112,-0.9571744824905951,0.8262019090707584,986.0817340656614,965.4289089016249
2026-07-14 17:22:53.900,2026-07-14 17:26:14,380201,995.8779,995.8795098733752,34.75,35.3305,35.232666867155984,2092,26.445956,26.464797350246048,24.76,30.848732108701014,2.589322468659452,-0.9451875223593466,0.8220674731500526,986.1863640441338,965.6356323500017
2026-07-14 17:23:13.910,2026-07-14 17:26:14,400211,995.8633,995.8677656176093,34.66667,35.242670180000005,35.169913010785045,2078,26.399853999999998,26.418171724832796,24.76,30.79404236780892,2.5662618756791384,-0.9943698096938686,0.7859460329926349,986.3282250831353,965.8207829700779
2026-07-14 17:23:33.920,2026-07-14 17:26:14,420221,995.8811,995.8766196886419,34.58333,35.154829819999996,35.10532659523973,2089,26.436076999999997,26.418644121237467,24.75667,30.761985358238597,2.552744648539119,-0.9572909624443235,0.7977268430473977,986.3354389633568,966.031732848408
2026-07-14 17:23:53.930,2026-07-14 17:26:14,440231,995.9026,995.8979484337207,34.5,35.067,35.0367792433228,2086,26.426198,26.4180562074469,24.75,30.727417725384846,2.5381687866218705,-0.8679710012774225,0.835098892672224,986.3584991269917,966.2672931894853
2026-07-14 17:24:13.940,2026-07-14 17:26:14,460241,995.8835,995.8902550562535,34.4375,35.001125,34.97322533237245,2072,26.380095999999998,26.39098227000109,24.74333,30.68210380118677,2.519061620538667,-0.9001891263508655,0.8094362470939007,986.4400305221873,966.4591307628892
2026-07-14 17:24:33.950,2026-07-14 17:26:14,480251,995.8562,995.8633300823582,34.39583,34.95720482,34.92182675647022,2092,26.445956,26.41981735137468,24.76667,30.67082205392245,2.514304534885572,-1.012944828285894,0.750679853299839,986.3184138648242,966.5942407728322
2026-07-14 17:24:53.960,2026-07-14 17:26:14,500261,995.8585,995.855228378957,34.3125,34.869375000000005,34.85888574100928,2066,26.360338,26.383853247328126,24.78333,30.621369494168704,2.4934522628924416,-1.0468729300333124,0.7232896664295646,986.4288130530219,966.7838972261163
2026-07-14 17:25:13.970,2026-07-14 17:26:14,520271,995.8954,995.8842669647987,34.25,34.8035,34.795980594675584,2053,26.317529,26.336024902767672,24.81,30.56600274872163,2.470106202725165,-0.9252658992332691,0.7724201517459479,986.6151154492707,967.0095820184088
2026-07-14 17:25:33.980,2026-07-14 17:26:14,540281,995.8899,995.8926088153962,34.16667,34.715670180000004,34.72307025409875,2053,26.317529,26.312862828914223,24.82667,30.51796654150649,2.44985115296927,-0.8903321153338113,0.7797595188177293,986.6996904349057,967.2466906303994
2026-07-14 17:25:53.990,2026-07-14 17:26:14,560291,995.8815,995.8862798052818,34.10417,34.649795180000005,34.6523171164146,2060,26.34058,26.320713431144465,24.83667,30.48651527377953,2.4365893442289934,-0.9168365784682948,0.7598763828803493,986.667553753032,967.4628789125933
2026-07-14 17:26:14.000,2026-07-14 17:26:14,580301,995.8525,995.8594480506799,34.02083,34.56195482,34.573734784002546,2066,26.360338,26.34250047367231,24.83666,30.458117628837428,2.424615132595748,-1.02920189908254,0.697706616756604,986.5691956600594,967.6838639086707
2026-07-14 17:26:33.690,2026-07-14 17:36:14,600310,995.8669,995.8609144360564,33.95833,34.49607982,34.499909993420644,2066,26.360338,26.35597112264813,24.82,30.427940558034386,2.411890604452524,-1.0230610087301146,0.6944147978612047,986.5262761388526,967.9174980850358
2026-07-14 17:26:53.700,2026-07-14 17:36:14,620320,995.8635,995.8619518432183,33.89583,34.43020482,34.428435070684436,2060,26.34058,26.34969354071581,24.79,30.389064305700124,2.395497960840457,-1.018716582132436,0.6883906893540106,986.5479816593914,968.1434308008855
2026-07-14 17:27:13.710,2026-07-14 17:36:14,640330,995.8478,995.8507626014808,33.8125,34.342375000000004,34.350007693044226,2055,26.324115,26.333999467361306,24.77,30.342003580202764,2.37565423478964,-1.0655745962250789,0.6550398192822806,986.5885952627151,968.3794736327036
2026-07-14 17:27:33.720,2026-07-14 17:36:14,660340,995.8441,995.843746366119,33.72917,34.25454518000001,34.266484576146425,2063,26.350458999999997,26.34200451679025,24.75,30.30424454646834,2.359732679959137,-1.094957003288306,0.6323878383354156,986.5552741812596,968.6357516774632
2026-07-14 17:27:53.730,2026-07-14 17:36:14,680350,995.864,995.8580266351099,33.6875,34.210625,34.19884906962904,2065,26.357045,26.35179734266228,24.71,30.27532320614566,2.3475376458129276,-1.0351544660547685,0.6561915898790796,986.5371633430071,968.8628038322543
2026-07-14 17:28:13.740,2026-07-14 17:36:14,700360,995.8455,995.8500354815166,33.60417,34.122795180000004,34.12382899877902,2065,26.357045,26.35700552601115,24.68,30.240417262395084,2.3328191310001776,-1.0686196102065448,0.6320997603968164,986.5120920420305,969.0915726230364
2026-07-14 17:28:33.750,2026-07-14 17:36:14,720370,995.8538,995.8522161554263,33.54167,34.056920180000006,34.052697222483616,2065,26.357045,26.3588987396849,24.65,30.20579798108426,2.3182214908841807,-1.059487441004168,0.6293670249400064,986.5080164524439,969.3180851667186
2026-07-14 17:28:53.760,2026-07-14 17:36:14,740380,995.8487,995.8495973526265,33.45833,33.96907982,33.97475576549464,2048,26.301063999999997,26.323224874832455,24.61667,30.14899032016355,2.2942678512200083,-1.070454394921018,0.6119067281494952,986.6229367716822,969.5615269435949
2026-07-14 17:29:13.770,2026-07-14 17:36:14,760390,995.8228,995.8282194547352,33.375,33.88125,33.891750870496395,2044,26.287892,26.29486823210448,24.6,30.093309551300436,2.2707893792682645,-1.1599801969513635,0.5554045911584505,986.69518553819,969.8028165705038
2026-07-14 17:29:33.781,2026-07-14 17:36:14,780401,995.841,995.834757599248,33.3125,33.815375,33.81494584467138,2030,26.241789999999998,26.252950732486074,24.58,30.033948288578728,2.245758982413328,-1.1325999262496755,0.5565795280818262,986.8398055330572,970.0518376731166
2026-07-14 17:29:53.791,2026-07-14 17:36:14,800411,995.8435,995.8417035514135,33.25,33.749500000000005,33.74300135717776,2022,26.215446,26.217428613710275,24.55,29.980214985444018,2.223101683021067,-1.1035118493186429,0.5597949168512121,986.9637852693947,970.2860132407299
2026-07-14 17:30:13.802,2026-07-14 17:36:14,820422,995.8316,995.8349077985257,33.1875,33.683625,33.674543844283505,2026,26.228617999999997,26.21238631979778,24.52,29.943465082040642,2.207605640241797,-1.131970925640085,0.537817357300856,986.9736738574404,970.4958768916817
2026-07-14 17:30:33.813,2026-07-14 17:36:14,840433,995.8462,995.8429871603114,33.125,33.61775,33.60836914921964,2014,26.189102,26.190488847719283,24.5,29.89942899846946,2.1890372911672284,-1.0981363855260124,0.545450452820608,987.0538813952028,970.7131102097837
2026-07-14 17:30:53.824,2026-07-14 17:36:14,860444,995.8293,995.8333284996578,33.04167,33.529920180000005,33.53386142540814,2011,26.179223,26.175828544779137,24.49,29.85484498509364,2.170237900840673,-1.1385846721606379,0.5158266143400175,987.0926511804926,970.9395242000605
2026-07-14 17:31:13.835,2026-07-14 17:36:14,880455,995.8552,995.849232245079,32.97917,33.46404518000001,33.46265016625155,2024,26.222032,26.198968684381235,24.47,29.830809425316392,2.1601030153569276,-1.071983382765581,0.5440598162956733,987.0321103231588,971.1805361820706
2026-07-14 17:31:33.846,2026-07-14 17:36:14,900466,995.8379,995.8425290532165,32.91667,33.39817018000001,33.393960781319656,2020,26.208859999999998,26.206255315894946,24.44333,29.8001080486073,2.147157407265264,-1.1000548344444496,0.5235512864104073,987.0014412906436,971.3916165849912
2026-07-14 17:31:53.857,2026-07-14 17:36:14,920477,995.8174,995.8223637306785,32.83333,33.31032982,33.31738545375074,2020,26.208859999999998,26.209716077720245,24.42,29.76355076573549,2.131742585270837,-1.1845026451036218,0.4736199700836077,986.9700449510948,971.6146577710156
2026-07-14 17:32:13.868,2026-07-14 17:36:14,940488,995.8185,995.8160235993388,32.77083,33.24445482,33.24462185190139,2015,26.192394999999998,26.200172878682356,24.4,29.722397365291876,2.114389754522223,-1.2110536814146151,0.45166803655380394,986.9952253062673,971.8392125369231
2026-07-14 17:32:33.879,2026-07-14 17:36:14,960499,995.8272,995.822888005338,32.70833,33.178579819999996,33.17486506433201,2001,26.146293,26.16479316773435,24.38,29.669829116033178,2.09222371423627,-1.1823071013877193,0.45495830642427526,987.1186948643169,972.0672219681841
2026-07-14 17:32:53.890,2026-07-14 17:36:14,980510,995.8077,995.8115579679021,32.66667,33.13467018000001,33.11693898989229,2001,26.146293,26.146124941350283,24.35667,29.631531965621285,2.0760752559779463,-1.2297547360259935,0.4231602599759764,987.1690334690961,972.2400129335267
2026-07-14 17:33:13.901,2026-07-14 17:36:14,1000521,995.8026,995.8029025319978,32.5625,33.024875,33.038454345323565,1990,26.11007,26.116293926747243,24.34,29.577374136035402,2.053238949855352,-1.2660017442770157,0.39361860278916816,987.2588538028028,972.4807724558187
2026-07-14 17:33:33.912,2026-07-14 17:36:14,1020532,995.8144,995.8101052683644,32.52083,32.98095482,32.97344661078287,1981,26.080433,26.084604054164256,24.30667,29.529025332473566,2.0328520900560982,-1.2358383131804835,0.39850688843780735,987.3705492699011,972.6943219766175
2026-07-14 17:33:53.923,2026-07-14 17:36:14,1040543,995.7996,995.8025220055296,32.4375,32.893125000000005,32.89935615230605,1973,26.054088999999998,26.055001021651442,24.28,29.477178586978745,2.010990280588597,-1.2675953030747835,0.37169748875690667,987.4607189499945,972.9223892455444
2026-07-14 17:34:13.934,2026-07-14 17:36:14,1060554,995.8112,995.8083007071782,32.39583,32.84920482,32.837739746867626,1957,26.001400999999998,26.010357683927307,24.25333,29.42404871539747,1.9885874254342903,-1.2433954073498044,0.372596009042243,987.6138076654989,973.1239525916116
2026-07-14 17:34:33.945,2026-07-14 17:36:14,1080565,995.829,995.8251600591149,32.3125,32.761375,32.76604998971852,1957,26.001400999999998,25.99138503574478,24.23333,29.378717512731647,1.9694729736754648,-1.172792253966016,0.3983403598547244,987.6931674469622,973.3684780398461
2026-07-14 17:34:53.956,2026-07-14 17:36:14,1100576,995.8242,995.8272422422434,32.3125,32.761375,32.72528107070601,1961,26.014573,25.996141560551596,24.21,29.360711315628805,1.9618804421377634,-1.1640725418827476,0.3989039501275079,987.6795279386198,973.5002500139444
2026-07-14 17:35:13.967,2026-07-14 17:36:14,1120587,995.8019,995.8084744993047,32.25,32.6955,32.67803801856504,1954,25.991521999999996,25.989002826641496,24.19,29.333520422603268,1.9504150720956865,-1.2426676052249959,0.35387373343534534,987.6844835572816,973.6322825176601
2026-07-14 17:35:33.978,2026-07-14 17:36:14,1140598,995.8369,995.8280828408044,32.1875,32.629625000000004,32.62481195382414,1951,25.981643,25.980915804603804,24.15,29.302863879213973,1.9374883685174282,-1.1605523051998472,0.3884680316587905,987.7306345646197,973.8209371999299
2026-07-14 17:35:53.989,2026-07-14 17:36:14,1160609,995.8284,995.8307083861814,32.125,32.56375,32.56663422839325,1943,25.955298999999997,25.961395462582868,24.11667,29.264014845488056,1.9211072019619042,-1.1495571148945551,0.38577504353367453,987.7976993293775,974.0088228574227
2026-07-14 17:36:14.000,2026-07-14 17:36:14,1180620,995.8545,995.8504101730568,32.0625,32.497875,32.504708626140754,1952,25.984935999999998,25.971341167630086,24.09,29.23802489688542,1.9101482247108108,-1.0670504867675248,0.421548868971643,987.784397528398,974.2254308728423
2026-07-14 17:36:33.681,2026-07-14 17:46:14,1200640,995.8454,995.8499082853555,32.0,32.432,32.440756808767496,1943,25.955298999999997,25.960392916029782,24.06667,29.20057486239864,1.8943569631631956,-1.0691522789653964,0.41260234209889957,987.8200552755031,974.4288186138009
2026-07-14 17:36:53.692,2026-07-14 17:46:14,1220651,995.8605,995.8590768322871,31.9375,32.366125000000004,32.37430898150402,1939,25.942127,25.94637684496276,24.04,29.160342913233393,1.8773926735291497,-1.0307564777654712,0.4233180978818393,987.8754409376266,974.6497183288378
2026-07-14 17:37:13.703,2026-07-14 17:46:14,1240662,995.8541,995.8568628458326,31.875,32.300250000000005,32.30707390177143,1919,25.876267,25.897903185674156,24.03667,29.102488543722792,1.8529976764848413,-1.0400281523723274,0.40648476205625694,988.0333723272897,974.8620841131494
2026-07-14 17:37:33.714,2026-07-14 17:46:14,1260673,995.8392,995.8431253143104,31.83333,32.256329820000005,32.24921305125238,1905,25.830164999999997,25.84404336187605,24.03,29.046628206564215,1.8294434873820136,-1.097557827819768,0.3659428297811228,988.1977214120208,975.0333307512335
2026-07-14 17:37:53.725,2026-07-14 17:46:14,1280684,995.8711,995.8629076677669,31.79167,32.21242018,32.19838192629033,1880,25.747839999999997,25.767574767080163,24.03333,28.982978346685247,1.8026047514878552,-1.0147138050705917,0.3939454732086317,988.4701560027427,975.2150160394305
2026-07-14 17:38:13.736,2026-07-14 17:46:14,1300695,995.8538,995.85831666808,31.72917,32.146545180000004,32.142715509511106,1872,25.721496,25.716843208083592,24.02,28.929779358797347,1.780172752604042,-1.03393987356348,0.37311643952028106,988.6333875223878,975.3883380156896
2026-07-14 17:38:33.747,2026-07-14 17:46:14,1320706,995.8548,995.8555224436546,31.6875,32.102625,32.09269555180094,1870,25.71491,25.6957997105443,24.01,28.894247631172618,1.7651903684260308,-1.0456414535785634,0.3597744574237337,988.7002288896833,975.5454371450819
2026-07-14 17:38:53.758,2026-07-14 17:46:14,1340717,995.8679,995.8647713562062,31.625,32.036750000000005,32.03696218392806,1854,25.662222,25.660625869505182,24.0,28.84879402671662,1.7460243044668684,-1.0069090993358822,0.3695576025654931,988.8257951198527,975.7326535910443
2026-07-14 17:39:13.769,2026-07-14 17:46:14,1360728,995.8642,995.865662548393,31.5625,31.970875,31.976744415013197,1846,25.635877999999998,25.631602197198095,23.98667,28.804173306105646,1.7272094360891186,-1.0031769879896462,0.3620162240497362,988.9227347275184,975.9260909953308
2026-07-14 17:39:33.780,2026-07-14 17:46:14,1380739,995.8641,995.8649398761444,31.52083,31.92695482,31.922948333521152,1843,25.625999,25.61617287495658,23.97333,28.769560604238865,1.712614570275553,-1.0062033759435705,0.3532055971659913,988.9730884592605,976.0974759320733
2026-07-14 17:39:53.791,2026-07-14 17:46:14,1400750,995.894,995.8877361008035,31.47917,31.883045180000003,31.874004165321043,1844,25.629292,25.615836276747174,23.98,28.744920221034107,1.7022246536532561,-0.9107379421458891,0.3957433557536835,988.9968411544917,976.2764479011298
2026-07-14 17:40:13.802,2026-07-14 17:46:14,1420761,995.9017,995.9022860892658,31.4375,31.839125000000003,31.828410888507253,1838,25.609533999999996,25.60737742994562,23.96,28.717894159226436,1.6908287866946399,-0.8498058807598988,0.4205114529673705,989.0392927707918,976.4366636415297
2026-07-14 17:40:33.813,2026-07-14 17:46:14,1440772,995.9092,995.9109754348509,31.375,31.773250000000004,31.775256728564433,1833,25.593069,25.594490226669755,23.94333,28.684873477617096,1.6769052155439197,-0.81341686643377,0.43174417455507486,989.0905876643695,976.6153957564528
2026-07-14 17:40:53.824,2026-07-14 17:46:14,1460783,995.8965,995.9018854198705,31.3125,31.707375,31.716257463476047,1822,25.556846,25.566240232502373,23.92667,28.64124884798921,1.6585103610180865,-0.8514837935810526,0.4035132837185169,989.1750986667057,976.7954797005677
2026-07-14 17:41:13.835,2026-07-14 17:46:14,1480794,995.9125,995.9093767391646,31.29167,31.68542018,31.672418739683,1809,25.514037,25.525695188272273,23.90333,28.599056963977638,1.640719641069656,-0.8201118424434485,0.4103038993131038,989.3168203150997,976.9433084008456
2026-07-14 17:41:33.846,2026-07-14 17:46:14,1500805,995.9018,995.9043986819358,31.25,31.6415,31.630187278582174,1804,25.497571999999998,25.49682161576044,23.88667,28.563504447171304,1.6257284908809169,-0.8409588203934605,0.3923848352437282,989.4075232006523,977.073793318527
2026-07-14 17:41:53.857,2026-07-14 17:46:14,1520816,995.8953,995.8967405670885,31.1875,31.575625000000002,31.57899282257907,1798,25.477814,25.474011343159358,23.86,28.526502082869214,1.610125994899753,-0.8730292735893562,0.3685483606551984,989.4754899508598,977.2304270912764
2026-07-14 17:42:13.868,2026-07-14 17:46:14,1540827,995.8952,995.8941814242818,31.125,31.509750000000004,31.52091984081053,1787,25.441591,25.44384268467327,23.84333,28.482381262741903,1.5915219156279012,-0.883746384946454,0.35388776534072364,989.5729194686991,977.4141842303018
2026-07-14 17:42:33.879,2026-07-14 17:46:14,1560838,995.8906,995.8906057754089,31.0625,31.443875000000006,31.458005843159057,1784,25.431711999999997,25.42592042109604,23.80667,28.441963132127547,1.5744791203262776,-0.8987203938389751,0.33787936324365125,989.6287662253851,977.6125501673077
2026-07-14 17:42:53.890,2026-07-14 17:46:14,1580849,995.8943,995.8927288868625,31.04167,31.42192018,31.41130989187907,1777,25.408661,25.406566320191818,23.76333,28.408938106035443,1.5605537172716735,-0.8898292831855208,0.33536221704307634,989.6950293773828,977.7645241500659
2026-07-14 17:43:13.901,2026-07-14 17:46:14,1600860,995.8961,995.8954979516769,31.0,31.378,31.36717492724757,1772,25.392196,25.38972548558196,23.73,28.378450206414765,1.5476981243851706,-0.8782330659314199,0.33473252922687535,989.7536107532762,977.9089547597173
2026-07-14 17:43:33.912,2026-07-14 17:46:14,1620871,995.9072,995.905140695624,30.9375,31.312125,31.31485203009683,1770,25.38561,25.3802238628722,23.71667,28.347537946484515,1.534663594823956,-0.8378514348642656,0.3484060799798452,989.7946962205275,978.0864805970253
2026-07-14 17:43:53.923,2026-07-14 17:46:14,1640882,995.8749,995.8830906902273,30.89583,31.26820482,31.2658779654483,1759,25.349387,25.3553649810681,23.7,28.3106214732582,1.519097315857297,-0.9301918711389797,0.2944527223591586,989.8552076430603,978.2221750153045
2026-07-14 17:44:13.934,2026-07-14 17:46:14,1660893,995.8652,995.866031912114,30.83333,31.202329820000003,31.209769055531186,1745,25.303285,25.315028697994805,23.68,28.262398876762994,1.4987636727993785,-1.0016301762529563,0.24856674827321112,989.9720245610001,978.3857515246044
2026-07-14 17:44:33.945,2026-07-14 17:46:14,1680904,995.8563,995.8548912037749,30.8125,31.180375000000005,31.167732633897092,1741,25.290112999999998,25.288307267690804,23.66,28.22801995079395,1.4842673814302771,-1.0482849434483126,0.21799121899098228,990.0495884515858,978.5099525368735
2026-07-14 17:44:53.956,2026-07-14 17:46:14,1700915,995.8693,995.8634763166082,30.75,31.1145,31.116815514199185,1730,25.25389,25.256090239380214,23.65667,28.1864528767897,1.46674012020434,-1.012332432315916,0.227203843944212,990.1650138649986,978.682136960996
2026-07-14 17:45:13.967,2026-07-14 17:46:14,1720926,995.8486,995.8524431441186,30.70833,31.07057982,31.068681315079704,1731,25.257182999999998,25.245860795656363,23.64,28.157271055368035,1.4544352510414562,-1.0585368636911499,0.19794919367515318,990.1879877452513,978.8261418269285
2026-07-14 17:45:33.978,2026-07-14 17:46:14,1740937,995.8264,995.8304588000453,30.6875,31.048625,31.03229433617725,1730,25.25389,25.24367030748764,23.63,28.137982321832446,1.4463019224515916,-1.1506023251917377,0.14784979862992698,990.1733971931203,978.9216201816287
2026-07-14 17:45:53.989,2026-07-14 17:46:14,1760948,995.814,995.8136629514429,30.60417,30.960795180000005,30.975359158170747,1724,25.234132,25.233511144601287,23.59667,28.104435151386017,1.4321563508930668,-1.2209395409722892,0.10560840496038881,990.1904089526739,979.0883699259855
2026-07-14 17:46:14.000,2026-07-14 17:46:14,1780959,995.8443,995.8339699238297,30.5625,30.916875000000005,30.92230426697684,1726,25.240717999999998,25.2342488151983,23.56,28.07827654108757,1.4211262553909987,-1.1358985327784676,0.14261386130626552,990.2081532383136,979.2791717977703
2026-07-14 17:46:34.652,2026-07-14 17:56:15,1800982,995.8172,995.8228926823733,30.54167,30.89492018,30.881445558058047,1725,25.237424999999998,25.234475392208033,23.54,28.05796047513304,1.4125597396186353,-1.1822875150213286,0.11513611229865339,990.1963866740172,979.3998823207811
2026-07-14 17:46:54.664,2026-07-14 17:56:15,1820994,995.7971,995.8014497241546,30.5,30.851,30.841803828109754,1720,25.220959999999998,25.22497309946677,23.52,28.033388463788263,1.4021986528208836,-1.2720857749903276,0.06505643891527801,990.2065987934898,979.5065078542448
2026-07-14 17:47:14.676,2026-07-14 17:56:15,1841006,995.7986,995.7955145323523,30.4375,30.785125,30.791746234883764,1709,25.184737,25.19710133149909,23.51,27.99442378319143,1.3857687223587078,-1.2969410160907522,0.04441385313397783,990.2932021005743,979.6619883479824
2026-07-14 17:47:34.688,2026-07-14 17:56:15,1861018,995.7891,995.7885499800568,30.41667,30.763170180000003,30.753231301178012,1709,25.184737,25.18311757760586,23.50333,27.968174439391937,1.3747003679747525,-1.3261069861597072,0.024296690907522622,990.332693672282,979.7792924455224
2026-07-14 17:47:54.700,2026-07-14 17:56:15,1881030,995.7836,995.7830480343578,30.35417,30.69729518,30.703930247077377,1715,25.204494999999998,25.191212926164255,23.50333,27.947571586620818,1.3660129250606317,-1.3491478905526446,0.008432517253993521,990.3003498077624,979.9328496972723
2026-07-14 17:48:14.712,2026-07-14 17:56:15,1901042,995.7825,995.781311975656,30.3125,30.653375,30.656158460468376,1708,25.181444,25.183636306571273,23.50333,27.919897383519825,1.3543437614596248,-1.3564181118082759,-0.0010371751743255553,990.3237733914507,980.0852298579645
2026-07-14 17:48:34.724,2026-07-14 17:56:15,1921054,995.7691,995.7711144392548,30.27083,30.609454820000003,30.609728776278995,1705,25.171564999999998,25.173890139564207,23.47667,27.891809457921603,1.3425001467465854,-1.3991230882138443,-0.028311470733629496,990.3459850433703,980.2249975854236
2026-07-14 17:48:54.736,2026-07-14 17:56:15,1941066,995.7603,995.7608592227057,30.22917,30.56554518,30.564372424911873,1703,25.164979,25.1654224129607,23.45333,27.864897418936287,1.3311523588948346,-1.4420696160354456,-0.05545862857030548,990.3638965241247,980.3612866289589
2026-07-14 17:49:14.748,2026-07-14 17:56:15,1961078,995.7395,995.7420196146157,30.1875,30.521625000000004,30.519795619146063,1701,25.158392999999997,25.15801575059885,23.43,27.838905684872458,1.32019262878236,-1.5209656343795293,-0.10038650279858463,990.3697482146712,980.4866464927616
2026-07-14 17:49:34.760,2026-07-14 17:56:15,1981090,995.746,995.7415974227971,30.16667,30.499670180000003,30.485394534162985,1698,25.148514,25.14914957578097,23.40667,27.81727205497198,1.3110705461817862,-1.5227336782427234,-0.10583156603046862,990.3987644811438,980.5973172589505
2026-07-14 17:49:54.772,2026-07-14 17:56:15,2001102,995.7288,995.7305457256422,30.125,30.455750000000002,30.448613092367236,1689,25.118876999999998,25.12680935406667,23.39,27.787711223216952,1.298605862712043,-1.569015686727506,-0.13520491200773155,990.4619497662161,980.705233211467
2026-07-14 17:50:14.784,2026-07-14 17:56:15,2021114,995.7394,995.7354640411352,30.0625,30.389875000000004,30.39994468541769,1690,25.122169999999997,25.118320234036286,23.37,27.759132459726988,1.286555280244976,-1.5484188936570016,-0.1309318067060128,990.4950320846755,980.8673153469094
2026-07-14 17:50:34.796,2026-07-14 17:56:15,2041126,995.7468,995.7445801168714,30.02083,30.345954820000003,30.35209084667492,1680,25.089239999999997,25.09544113398056,23.34667,27.723765990327742,1.2716425792033692,-1.5102428299578525,-0.11930012537724166,990.5800840522519,981.0309522146797
2026-07-14 17:50:54.808,2026-07-14 17:56:15,2061138,995.7322,995.7363796420515,30.0,30.324,30.314846050652335,1674,25.069481999999997,25.072580557612135,23.34,27.693713304132235,1.2589704993394863,-1.544584564070978,-0.14280703236574588,990.6478594784485,981.1432756471149
2026-07-14 17:51:14.820,2026-07-14 17:56:15,2081150,995.7479,995.7445185542374,29.9375,30.258125000000003,30.266173109446434,1669,25.053016999999997,25.052819229285042,23.32,27.659496169365738,1.2445424291944918,-1.510500640347272,-0.13297910557639014,990.7216056666326,981.3086880730016
2026-07-14 17:51:34.832,2026-07-14 17:56:15,2101162,995.7324,995.736066221228,29.89583,30.214204820000003,30.218572185347032,1667,25.046431,25.0415393038487,23.30667,27.63005574459787,1.2321285167921836,-1.545897099603396,-0.15688429140560622,990.7506724561654,981.454332051569
2026-07-14 17:51:54.844,2026-07-14 17:56:15,2121174,995.7505,995.7463254897441,29.85417,30.170295180000004,30.172041873489714,1667,25.046431,25.039025215566078,23.28667,27.605533544527894,1.2217884335229787,-1.502933603060611,-0.14057258476881618,990.7692336522466,981.6150031176586
2026-07-14 17:52:14.856,2026-07-14 17:56:15,2141186,995.7432,995.7452122592606,29.8125,30.126375000000003,30.126438144844286,1660,25.02338,25.025748556126647,23.27,27.576093350485465,1.2093746184088527,-1.5075955605826536,-0.14911047108690045,990.8122412136146,981.7615111327056
2026-07-14 17:52:34.868,2026-07-14 17:56:15,2161198,995.7365,995.7385687495039,29.79167,30.10442018,30.09122183259403,1654,25.003622,25.007576004238633,23.25,27.54939891841633,1.1981185871542606,-1.5354170770989573,-0.16864924497234834,990.866019712982,981.8689750678142
2026-07-14 17:52:54.880,2026-07-14 17:56:15,2181210,995.7479,995.7448825044164,29.75,30.0605,30.05384763437649,1652,24.997035999999998,24.99554693166818,23.24,27.524697283022334,1.1877028428029945,-1.5089764993002692,-0.16063682824863734,990.912280612941,981.9962309997959
2026-07-14 17:53:14.892,2026-07-14 17:56:15,2201222,995.7401,995.7418619033587,29.70833,30.01657982,30.014436774491344,1648,24.983863999999997,24.983262007612392,23.22333,27.49884939105187,1.1768037654549035,-1.5216260934598311,-0.1724111640024638,990.9501062283034,982.1209095538709
2026-07-14 17:53:34.904,2026-07-14 17:56:15,2221234,995.7681,995.7621447932564,29.66667,29.97267018,29.973319229114477,1637,24.947640999999997,24.95587361769157,23.19,27.464596423403023,1.162360585940186,-1.4366859372842562,-0.1371626756720351,991.0613366175287,982.2741387345742
2026-07-14 17:53:54.916,2026-07-14 17:56:15,2241246,995.7581,995.7621024326949,29.625,29.92875,29.93088769358262,1630,24.92459,24.928633661941603,23.17,27.42976067776211,1.1476716710123236,-1.4368633337367915,-0.14459583136223397,991.1518627257082,982.4116160060452
2026-07-14 17:54:14.928,2026-07-14 17:56:15,2261258,995.7779,995.7753204002007,29.58333,29.884829820000004,29.887531616689326,1630,24.92459,24.917510381900545,23.15,27.402520999294936,1.1361857299967035,-1.3815094748966792,-0.12266187244998783,991.2020077810535,982.5652138638987
2026-07-14 17:54:34.940,2026-07-14 17:56:15,2281270,995.7888,995.7881981498821,29.5625,29.862875000000003,29.853241459219586,1630,24.92459,24.915749931338652,23.12333,27.38449569527912,1.128585141797259,-1.327580371369606,-0.09949761478617347,991.2206807485543,982.6891167859341
2026-07-14 17:54:54.952,2026-07-14 17:56:15,2301282,995.7877,995.7904655218094,29.54167,29.84092018,29.825591116174383,1623,24.901539,24.903202340837435,23.10333,27.36439672850591,1.120110168529487,-1.3180851304750025,-0.09898748097275778,991.2646667118204,982.7810373090316
2026-07-14 17:55:14.964,2026-07-14 17:56:15,2321294,995.7847,995.7870218017342,29.47917,29.775045180000003,29.783075674854885,1610,24.858729999999998,24.870789238042935,23.07,27.32693245644891,1.1043129035375967,-1.3325066513967088,-0.11409687392955603,991.3690494187866,982.915567476274
2026-07-14 17:55:34.976,2026-07-14 17:56:15,2341306,995.7637,995.7684897092308,29.4375,29.731125000000002,29.738927805388485,1602,24.832386,24.838411872228587,23.05,27.288669838808538,1.088179006441487,-1.410114864005075,-0.160967928781794,991.4583128664386,983.0405380736383
2026-07-14 17:55:54.988,2026-07-14 17:56:15,2361318,995.7464,995.7481818226604,29.41667,29.70917018,29.70354920729557,1597,24.815921,24.81428186405928,23.02667,27.258915535677424,1.0756327434179833,-1.4951597005930894,-0.20976347858755306,991.5183824027888,983.1353237710406
2026-07-14 17:56:15.000,2026-07-14 17:56:15,2381330,995.7497,995.7453564223947,29.35417,29.643295180000003,29.655475664307517,1595,24.809334999999997,24.801883857130996,23.02,27.228679760719256,1.0628834619552974,-1.5069918379776532,-0.22205418801117793,991.5568267294518,983.2886167533956
2026-07-14 17:56:34.652,2026-07-14 18:06:15,2401350,995.7703,995.7632607155447,29.3125,29.599375000000002,29.608144085293954,1594,24.806041999999998,24.79770620098145,23.01667,27.202925143137705,1.0520237148853009,-1.4320127070926278,-0.18999449610366348,991.5885590149267,983.4600218794787
2026-07-14 17:56:54.664,2026-07-14 18:06:15,2421362,995.7722,995.7726715019604,29.3125,29.599375000000002,29.58001612492381,1591,24.796163,24.792452062653158,22.99,27.186234093788485,1.0449857313589916,-1.3926024617125572,-0.17380836517678278,991.6154169208119,983.560694794905
2026-07-14 17:57:14.676,2026-07-14 18:06:15,2441374,995.7739,995.7757703246749,29.25,29.533500000000004,29.537783766971238,1595,24.809334999999997,24.80014798443568,22.99,27.168965875703456,1.0377043776305137,-1.3796252929434134,-0.17096045765644985,991.5928897347684,983.7009868433038
2026-07-14 17:57:34.688,2026-07-14 18:06:15,2461386,995.7742,995.7756048286465,29.22917,29.511545180000002,29.50391297789447,1588,24.786284,24.791134906361886,22.98333,27.147523942128178,1.0286631261119517,-1.3803183528857257,-0.17582761338688702,991.622721807806,983.8109118798652
2026-07-14 17:57:54.700,2026-07-14 18:06:15,2481398,995.769,995.7706895339678,29.1875,29.467625,29.466593271295224,1576,24.746768,24.761087849614395,22.98,27.11384056045481,1.014460119436483,-1.400902495468863,-0.19322118801618993,991.7178407357078,983.927381950508
2026-07-14 17:58:14.712,2026-07-14 18:06:15,2501410,995.7714,995.7705404403412,29.16667,29.44567018,29.436155895786083,1569,24.723717,24.73094763318022,22.97,27.083551764483154,1.0016884810199784,-1.40152686586164,-0.19991919242083078,991.8180363162999,984.0262086318626
2026-07-14 17:58:34.724,2026-07-14 18:06:15,2521422,995.7856,995.7821292046095,29.10417,29.379795180000002,29.391346922073673,1564,24.707251999999997,24.70724123828839,22.96667,27.04929408018103,0.9872433126711643,-1.3529957417566274,-0.18287621454273156,991.908518588,984.1834051507532
2026-07-14 17:58:54.736,2026-07-14 18:06:15,2541434,995.7786,995.7811358447747,29.08333,29.357829820000003,29.355118009055726,1558,24.687493999999997,24.686061090849602,22.96333,27.020589549952664,0.975139699132502,-1.3571557081094137,-0.19100800448845584,991.9780670508354,984.3002919768234
2026-07-14 17:59:14.748,2026-07-14 18:06:15,2561446,995.7941,995.7916174965811,29.04167,29.31392018,29.315855837909155,1548,24.654564,24.657829909176286,22.94,26.98684287354272,0.9609100034631892,-1.3132609206355452,-0.176175458586178,992.0825458489603,984.4384231472678
2026-07-14 17:59:34.760,2026-07-14 18:06:15,2581458,995.7923,995.7938944688235,29.0,29.270000000000003,29.274301542273037,1543,24.638098999999997,24.636076203406393,22.91,26.955188872839713,0.9475627099031255,-1.303725475792607,-0.17808138294474068,992.1572875779774,984.5759402031239
2026-07-14 17:59:54.772,2026-07-14 18:06:15,2601470,995.8022,995.8012332677213,29.0,29.270000000000003,29.25046933960022,1540,24.62822,24.622554325825373,22.87333,26.936511832712796,0.9396873092627454,-1.272992245584341,-0.16665246816079782,992.2096538565485,984.6607914002795
2026-07-14 18:00:14.784,2026-07-14 18:06:15,2621482,995.8117,995.810819192421,28.9375,29.204125,29.21062496174204,1538,24.621634,24.615269243572445,22.85667,26.91294710265724,0.9297509548453001,-1.2328485606760742,-0.15154880291538703,992.2434806998456,984.8000276345671
2026-07-14 18:00:34.796,2026-07-14 18:06:15,2641494,995.8043,995.8075967908791,28.89583,29.16020482,29.168167468342297,1530,24.59529,24.597834281019416,22.82,26.883000874680857,0.9171237643815229,-1.2463432496288893,-0.16460974262368322,992.2983715978291,984.9351455036575
2026-07-14 18:00:54.808,2026-07-14 18:06:15,2661506,995.7878,995.7920813264957,28.875,29.138250000000003,29.133715966580343,1534,24.608462,24.599145056101776,22.79,26.866430511341058,0.9101366695757721,-1.3113185058425518,-0.20059091813338986,992.2785425027973,985.0320514886416
2026-07-14 18:01:14.820,2026-07-14 18:06:15,2681518,995.8055,995.8001475324293,28.85417,29.11629518,29.10533068672157,1534,24.608462,24.602586727225106,22.76,26.853958706973337,0.9048777819020937,-1.2775390594621139,-0.1863306387800101,992.2751105775126,985.1325372144868
2026-07-14 18:01:34.832,2026-07-14 18:06:15,2701530,995.8257,995.8207869445448,28.8125,29.072375,29.071502474461663,1535,24.611755,24.607805291271752,22.74667,26.839653882866706,0.8988459792093572,-1.191105868861455,-0.14612994482604896,992.2782857515995,985.2632255188793
2026-07-14 18:01:54.844,2026-07-14 18:06:15,2721542,995.8095,995.8153660468007,28.77083,29.028454820000004,29.033348395421367,1537,24.618340999999997,24.61515597395069,22.73667,26.824252184686028,0.8923516662512644,-1.213807362747021,-0.16072784824787828,992.2483887161534,985.3822620855185
2026-07-14 18:02:14.856,2026-07-14 18:06:15,2741554,995.8145,995.8147548927858,28.75,29.006500000000003,29.001696570575007,1529,24.591997,24.601992160199515,22.72666,26.80184436538726,0.8829031372950781,-1.2163667375567742,-0.16673180013084804,992.2916476860347,985.484880741776
2026-07-14 18:02:34.868,2026-07-14 18:06:15,2761566,995.8284,995.8253707479433,28.70833,28.962579820000002,28.96525901142883,1520,24.562359999999998,24.5751182838746,22.71333,26.770188647651715,0.8695551197274056,-1.1719099367969512,-0.1511774085347728,992.3917952054876,985.614245240135
2026-07-14 18:02:54.880,2026-07-14 18:06:15,2781578,995.8106,995.8154499197145,28.66667,28.918670180000003,28.925198323220744,1511,24.532722999999997,24.542414063599846,22.68,26.733806193410295,0.8542140163467615,-1.213456121950732,-0.17962105280198526,992.490930765935,985.7351352867651
2026-07-14 18:03:14.892,2026-07-14 18:06:15,2801590,995.8374,995.8315325992464,28.64583,28.896704820000004,28.892266762890284,1508,24.522844,24.521206432537824,22.67,26.706736597714055,0.8427997927956883,-1.1461054969635176,-0.15165285208391466,992.5776710652029,985.8585312516095
2026-07-14 18:03:34.904,2026-07-14 18:06:15,2821602,995.8301,995.8326477081346,28.60417,28.85279518,28.855070457951648,1506,24.516258,24.50986304653451,22.66,26.68246675224308,0.8325661179058119,-1.1414356731075948,-0.15443477760089142,992.6166082694209,985.9810581066974
2026-07-14 18:03:54.916,2026-07-14 18:06:15,2841614,995.8366,995.836524943622,28.58333,28.83082982,28.82428168308693,1503,24.506379,24.50149279072793,22.64,26.66288723690743,0.8243101776409257,-1.1251986876736937,-0.15044425501638398,992.6483864576286,986.0854262981806
2026-07-14 18:04:14.928,2026-07-14 18:06:15,2861626,995.825,995.828315087294,28.54167,28.786920180000003,28.788552940593192,1496,24.483328,24.48529902204034,22.61333,26.636925981316764,0.8133632991465577,-1.1595797094212643,-0.1731082051373533,992.6942105442251,986.1939805127537
2026-07-14 18:04:34.940,2026-07-14 18:06:15,2881638,995.8257,995.8251907805792,28.5,28.743000000000002,28.749017114437475,1494,24.476741999999998,24.47461617313446,22.59,26.611816643785968,0.8027756422412985,-1.1726635994206804,-0.18494397858969097,992.7267274275641,986.3200351521311
2026-07-14 18:04:54.952,2026-07-14 18:06:15,2901650,995.8221,995.8219851121688,28.47917,28.72104518,28.71644892223346,1492,24.470156,24.467228308233178,22.57,26.59183861523332,0.7943516640419748,-1.1860882138023896,-0.19586827488020742,992.7481744847304,986.4232732231073
2026-07-14 18:05:14.964,2026-07-14 18:06:15,2921662,995.8369,995.8329568729886,28.4375,28.677125000000004,28.679471620164428,1490,24.463569999999997,24.461285570756612,22.55667,26.570378595460518,0.7853027862587262,-1.1401409606127137,-0.17741908717699378,992.7789359107358,986.5549900445614
2026-07-14 18:05:34.976,2026-07-14 18:06:15,2941674,995.8315,995.8333543921005,28.41667,28.655170180000002,28.648801197207035,1492,24.470156,24.46407591427228,22.54667,26.556438555739657,0.779424799329396,-1.1384762404656465,-0.17952572056812527,992.770024198796,986.6556429425254
2026-07-14 18:05:54.988,2026-07-14 18:06:15,2961686,995.798,995.8061238635396,28.375,28.611250000000002,28.613111506671206,1490,24.463569999999997,24.462812372302945,22.54,26.537961939487076,0.7716339098480415,-1.2525115362429318,-0.24043881319744514,992.747092214552,986.7453524926945
2026-07-14 18:06:15.000,2026-07-14 18:06:15,2981698,995.8318,995.8220753376593,28.33333,28.56732982,28.573568655944978,1486,24.450398,24.45418128973856,22.53,26.51387497284177,0.7614773480344875,-1.1857103698517133,-0.2121165109086129,992.791786686383,986.8904803410989
2026-07-14 18:06:35.630,2026-07-14 18:16:16,3001724,995.8238,995.8248271642829,28.3125,28.545375000000003,28.540383786300193,1484,24.443811999999998,24.445557868118037,22.51,26.492970827209113,0.7526628613287082,-1.174186342242576,-0.2107617404569339,992.8232983300796,987.001762230619
2026-07-14 18:06:55.642,2026-07-14 18:16:16,3021736,995.8116,995.8152143183244,28.27083,28.501454820000003,28.503696811322165,1480,24.430639999999997,24.43352832583997,22.49,26.468612568581065,0.7423919059581402,-1.214442767294475,-0.23602543066816745,992.8538480457596,987.1122720675619
2026-07-14 18:07:15.654,2026-07-14 18:16:16,3041748,995.822,995.819230878048,28.25,28.4795,28.47322482499791,1480,24.430639999999997,24.42828156653751,22.48,26.45075319576771,0.7348612846640102,-1.1976223234656984,-0.2313805194008441,992.8753582603506,987.2159785804718
2026-07-14 18:07:35.666,2026-07-14 18:16:16,3061760,995.8137,995.8151774563539,28.25,28.4795,28.456960779338832,1474,24.410881999999997,24.414507700772237,22.47333,26.435734240055535,0.7285283597128535,-1.2145971368908277,-0.24303438858898713,992.9172755157983,987.265195223676
2026-07-14 18:07:55.678,2026-07-14 18:16:16,3081772,995.7953,995.799034373069,28.20833,28.43557982,28.431369477952444,1466,24.384538,24.39154637311697,22.45,26.411457925534705,0.7182919570695956,-1.282200719135937,-0.2819543810331707,992.9778017494376,987.3329657844656
2026-07-14 18:08:15.690,2026-07-14 18:16:16,3101784,995.8165,995.8100211710208,28.1875,28.413625000000003,28.407908959665427,1458,24.358193999999997,24.364191298488038,22.44,26.386050129076732,0.7075784513354944,-1.2361904938378334,-0.26430602125116953,993.0800582132141,987.4206722778401
2026-07-14 18:08:35.702,2026-07-14 18:16:16,3121796,995.8082,995.8096004007132,28.14583,28.369704820000003,28.376173989037138,1454,24.345022,24.343988175429576,22.41334,26.360081082233357,0.696628287564864,-1.2379525847344104,-0.2706621485847732,993.1470796572312,987.5241788755611
2026-07-14 18:08:55.715,2026-07-14 18:16:16,3141809,995.8343,995.8291636651555,28.10417,28.32579518,28.338268245864857,1453,24.341728999999997,24.33491909592809,22.39,26.336593670896473,0.686724535523512,-1.156026057232025,-0.23465076085425646,993.1968681388594,987.6677419880523
2026-07-14 18:09:15.728,2026-07-14 18:16:16,3161822,995.8272,995.8307696204876,28.0625,28.281875000000003,28.29614219412241,1448,24.325263999999997,24.323294084682942,22.38,26.309718139402676,0.6753921414986275,-1.1493006794677765,-0.2369542689845745,993.2372832270441,987.8073581419311
2026-07-14 18:09:35.740,2026-07-14 18:16:16,3181834,995.8166,995.8207661011592,28.0625,28.281875000000003,28.270732841215963,1444,24.312092,24.311308482532052,22.36,26.291020661874008,0.6675081231797637,-1.1911931562470564,-0.2618425165336463,993.2673258469487,987.8807051851836
2026-07-14 18:09:55.753,2026-07-14 18:16:16,3201847,995.8238,995.8218611541203,28.02083,28.237954820000002,28.238593523723953,1439,24.295627,24.296710118114298,22.34667,26.267651820919127,0.6576543677789938,-1.1866073220782376,-0.2644764771496219,993.3171666370183,987.987136723057
2026-07-14 18:10:15.766,2026-07-14 18:16:16,3221860,995.8129,995.814664871918,28.0,28.216,28.21085050423316,1437,24.289040999999997,24.28688628055633,22.33666,26.248868392394748,0.6497341071796582,-1.2167437245940003,-0.28350480870717104,993.3427958047281,988.0709496431116
2026-07-14 18:10:35.779,2026-07-14 18:16:16,3241873,995.8311,995.8263627385797,27.95833,28.17207982,28.176647033361075,1434,24.279162,24.27771375254868,22.32667,26.227180392954878,0.6405890990029528,-1.1677557043376792,-0.2635833026673632,993.3850992094143,988.1947134119898
2026-07-14 18:10:55.792,2026-07-14 18:16:16,3261886,995.8347,995.8344254780532,27.9375,28.150125000000003,28.14725066013268,1431,24.269282999999998,24.26855126374116,22.32,26.20790096193692,0.6324596929325467,-1.1339907747084836,-0.2507655408879685,993.4237453634133,988.299129366202
2026-07-14 18:11:15.805,2026-07-14 18:16:16,3281899,995.846,995.8451825577254,27.89583,28.106204820000002,28.111833092241824,1429,24.262697,24.261268223645736,22.29,26.18655065794378,0.62345707813934,-1.088942557617367,-0.2327427397390135,993.4588037362852,988.4259947742864
2026-07-14 18:11:35.818,2026-07-14 18:16:16,3301912,995.8474,995.8490739182798,27.875,28.08425,28.081622195982796,1430,24.26599,24.261198195789095,22.27667,26.171410195885947,0.617072918562895,-1.072646419596729,-0.22778675051691694,993.4629196906084,988.5289880106444
2026-07-14 18:11:55.831,2026-07-14 18:16:16,3321925,995.8574,995.8567947885025,27.85417,28.062295180000003,28.05537271961399,1429,24.262697,24.260595591465975,22.27334,26.157984155539985,0.611411665708061,-1.0403131610802991,-0.21445074768611905,993.4726350008771,988.6228012202691
2026-07-14 18:12:15.844,2026-07-14 18:16:16,3341938,995.8548,995.8567730883303,27.83333,28.040329820000004,28.031881468054728,1424,24.246232,24.250526972314468,22.26667,26.141204220184598,0.6043362023185005,-1.040404036494128,-0.21803391708781378,993.5062477832449,988.6998891847863
2026-07-14 18:12:35.857,2026-07-14 18:16:16,3361951,995.8602,995.8598712654309,27.79167,27.99642018,28.00048238484484,1419,24.229767,24.235002763814663,22.25333,26.117742574329753,0.5944433146053492,-1.0274295714100377,-0.21649312840234425,993.561202211691,988.8060509902284
2026-07-14 18:12:55.870,2026-07-14 18:16:16,3381964,995.8661,995.8653535391593,27.77083,27.974454820000002,27.97271680195566,1414,24.213302,24.217209157068268,22.23,26.094962979511962,0.5848380219895729,-1.0044710487817285,-0.20981651339607782,993.6261240305666,988.9026696441084
2026-07-14 18:13:15.883,2026-07-14 18:16:16,3401977,995.8758,995.8745687289864,27.75,27.9525,27.947725240850286,1414,24.213302,24.209540187448933,22.22,26.07863271414961,0.5779521674099225,-0.965879917682974,-0.19396387513652574,993.6609445788035,988.9939015638503
2026-07-14 18:13:35.896,2026-07-14 18:16:16,3421990,995.8559,995.8616696388391,27.70833,27.908579820000003,27.915016403002483,1412,24.206716,24.203761821238512,22.2,26.0593891121205,0.569837869067496,-1.0198983902557468,-0.2250302605941254,993.6673833579842,989.0885382281608
2026-07-14 18:13:55.909,2026-07-14 18:16:16,3442003,995.8471,995.8486807056761,27.6875,27.886625000000002,27.88622133605591,1409,24.196837,24.196304560567864,22.19,26.04126294831189,0.5621947521123511,-1.074293105061187,-0.25604917647441794,993.6793432805827,989.1702458501721
2026-07-14 18:14:15.922,2026-07-14 18:16:16,3462016,995.8204,995.8240409265022,27.6875,27.886625000000002,27.870135254876033,1406,24.186957999999997,24.187469533152417,22.17,26.028802394014225,0.5569406081672464,-1.1774789282702323,-0.3102691600514929,993.6842824393376,989.1986298332442
2026-07-14 18:14:35.935,2026-07-14 18:16:16,3482029,995.825,995.8202338013637,27.66667,27.86467018,27.85355360332478,1404,24.180372,24.179908576211858,22.15333,26.01673108976832,0.5518505962305368,-1.1934223074178536,-0.3207858555936584,993.7057523126975,989.2493406975872
2026-07-14 18:14:55.948,2026-07-14 18:16:16,3502042,995.8135,995.8131255243094,27.625,27.82075,27.826359368110165,1399,24.163907,24.166805869608,22.13667,25.996582618859083,0.5433547489430105,-1.2231901642751464,-0.33991770766606794,993.7424512784551,989.3316607205239
2026-07-14 18:15:15.961,2026-07-14 18:16:16,3522055,995.8182,995.8154863412078,27.60417,27.798795180000003,27.800759308552895,1394,24.147441999999998,24.15063109970868,22.12667,25.975695204130787,0.5345473170261064,-1.2133035969730823,-0.339378139973488,993.7988723039575,989.4181628273894
2026-07-14 18:15:35.974,2026-07-14 18:16:16,3542068,995.8252,995.823036404107,27.58333,27.776829820000003,27.776508758825756,1389,24.130976999999998,24.133254744956584,22.1,25.954881751891172,0.5257710722901884,-1.1816856409013965,-0.32795728430560406,993.864495558279,989.5053985267874
2026-07-14 18:15:55.987,2026-07-14 18:16:16,3562081,995.8168,995.8193240227819,27.54167,27.73292018,27.74365689163295,1384,24.114511999999998,24.115734964319067,22.09333,25.929695927976006,0.5151511639726953,-1.197232254383575,-0.3410405452054398,993.9193650833953,989.6097444730922
2026-07-14 18:16:16.000,2026-07-14 18:16:16,3582094,995.8242,995.8228762427499,27.5,27.689000000000004,27.704582438310716,1382,24.107926,24.104811862244745,22.06667,25.90469715027773,0.5046101259626102,-1.1823563604466711,-0.33887311724203045,993.9594338082471,989.741803739028
2026-07-14 18:16:35.623,2026-07-14 18:26:16,3602122,995.8318,995.8303164445357,27.47917,27.667045180000002,27.671417038480442,1383,24.111219,24.10397178913438,22.05,25.88769441380741,0.49744071577894844,-1.1511984778742228,-0.3268788810476372,993.969669149473,989.858317824733
2026-07-14 18:16:55.636,2026-07-14 18:26:16,3622135,995.8094,995.8152669908131,27.4375,27.623125,27.632650622078934,1383,24.111219,24.1059040429557,22.03333,25.869277332517317,0.4896749299370637,-1.2142221868226841,-0.3622736284428102,993.9481868070851,989.9709347302903
2026-07-14 18:17:15.649,2026-07-14 18:26:16,3642148,995.8098,995.808957737021,27.4375,27.623125,27.60968187463811,1383,24.111219,24.10830288841675,22.03,25.85899238152743,0.48533815553053933,-1.2406439149468853,-0.37765287970817296,993.9338683687431,990.0402652191495
2026-07-14 18:17:35.662,2026-07-14 18:26:16,3662161,995.8167,995.8134829086106,27.41667,27.60117018,27.588862302274983,1378,24.094754,24.099582737677576,22.01,25.844222519976277,0.4791102641554693,-1.2216935196396275,-0.3712916277420791,993.9675433196364,990.113303069239
2026-07-14 18:17:55.675,2026-07-14 18:26:16,3682174,995.831,995.8275106145878,27.375,27.557250000000003,27.55945234369151,1369,24.065116999999997,24.075959606591354,21.99333,25.817705975141433,0.46792924121211527,-1.1629486591933424,-0.3475097089906136,994.0605453774908,990.224086814152
2026-07-14 18:18:15.688,2026-07-14 18:26:16,3702187,995.8253,995.8280741047912,27.35417,27.535295180000002,27.533039835823832,1366,24.055238,24.05766279468409,21.98333,25.79535131525396,0.45850312756686173,-1.1605888896477097,-0.35104288104042397,994.1223046383012,990.3116301450558
2026-07-14 18:18:35.701,2026-07-14 18:26:16,3722200,995.8286,995.8291944468214,27.3125,27.491375,27.49921785420705,1367,24.058531,24.052388334297476,21.98,25.77580309425226,0.45026038293768456,-1.1558971505764184,-0.3528183838193669,994.1410658017835,990.4241509882517
2026-07-14 18:18:55.714,2026-07-14 18:26:16,3742213,995.8315,995.8313693387116,27.3125,27.491375,27.479270419634794,1368,24.061823999999998,24.054545459161925,21.97666,25.766907939398358,0.44650963293893353,-1.1467891951639977,-0.3501397811125321,994.1360214674403,990.4920311098981
2026-07-14 18:19:15.727,2026-07-14 18:26:16,3762226,995.856,995.8511163405143,27.29167,27.46942018,27.45997083044837,1368,24.061823999999998,24.0576434181872,21.97666,25.758807124317784,0.44309382594598223,-1.0640932171464619,-0.3104996956002398,994.1453722180713,990.5752644975258
2026-07-14 18:19:35.740,2026-07-14 18:26:16,3782239,995.8517,995.8548118649904,27.25,27.425500000000003,27.431043168582615,1363,24.045358999999998,24.04957331248593,21.97333,25.740308240534272,0.4352935470899647,-1.0486171963359987,-0.306661824623017,994.176056363968,990.6742729116053
2026-07-14 18:19:55.753,2026-07-14 18:26:16,3802252,995.853,995.8548486816882,27.22917,27.403545180000002,27.404479950875203,1358,24.028893999999998,24.034796329250156,21.96333,25.719638140062678,0.426577748366798,-1.0484630163315327,-0.3109426339823673,994.2255267492685,990.7618660335764
2026-07-14 18:20:15.766,2026-07-14 18:26:16,3822265,995.8536,995.8542687189696,27.20833,27.381579820000002,27.379819718536776,1355,24.019015,24.021268357626568,21.94333,25.700544038081674,0.4185264885340387,-1.05089176904577,-0.3161826402558656,994.2702073157202,990.8425868049559
2026-07-14 18:20:35.779,2026-07-14 18:26:16,3842278,995.8675,995.8646546672762,27.1875,27.359625,27.356571220773162,1354,24.015721999999997,24.013562234529594,21.92,25.685066727651378,0.4120002927532392,-1.00739776618704,-0.2976987367169004,994.3063606871195,990.9295771849324
2026-07-14 18:20:55.792,2026-07-14 18:26:16,3862291,995.8611,995.863513267767,27.16667,27.337670180000003,27.334277398457345,1353,24.012428999999997,24.009364123229684,21.91667,25.671820760843516,0.40641497009117844,-1.0121776892189334,-0.30288135956387746,994.319268095157,991.001961370247
2026-07-14 18:21:15.805,2026-07-14 18:26:16,3882304,995.8788,995.8757574890296,27.125,27.293750000000003,27.30290574827431,1350,24.00255,24.00251265474291,21.9,25.65270920150861,0.398356349153278,-0.9609016594449752,-0.2812726551458486,994.3544197080147,991.1176220986979
2026-07-14 18:21:35.818,2026-07-14 18:26:16,3902317,995.8703,995.8734849266965,27.125,27.293750000000003,27.284167418779255,1348,23.995963999999997,23.995842711697357,21.89,25.640005065238306,0.39299949591321653,-0.9704186365852109,-0.2887095703359972,994.3744705399398,991.1771770856295
2026-07-14 18:21:55.831,2026-07-14 18:26:16,3922330,995.9043,995.8978179792729,27.08333,27.249829820000002,27.25557067094846,1346,23.989378,23.989265051534943,21.87667,25.6224178612417,0.3855836379038018,-0.8685173150041985,-0.24146683855019835,994.4207795973107,991.2957516166365
2026-07-14 18:22:15.844,2026-07-14 18:26:16,3942343,995.9046,995.9070253797746,27.04167,27.205920180000003,27.21951693520565,1340,23.96962,23.974301548386627,21.86333,25.59690924179614,0.3748276189333625,-0.8299588038388587,-0.22756559245274807,994.4800539176788,991.4239040614277
2026-07-14 18:22:35.857,2026-07-14 18:26:16,3962356,995.895,995.9001041922431,27.04167,27.205920180000003,27.19759339179328,1337,23.959740999999998,23.961095213455486,21.84667,25.579344302624385,0.36742114915755897,-0.8589431720825832,-0.2457610114625121,994.5173461305973,991.4893814283317
2026-07-14 18:22:55.870,2026-07-14 18:26:16,3982369,995.9055,995.9039152635683,27.0,27.162000000000003,27.16705287595089,1335,23.953155,23.951687578362264,21.84,25.559370227156577,0.3589988378244336,-0.842983267198059,-0.24199221468681273,994.552643121969,991.5940047704294
2026-07-14 18:23:15.883,2026-07-14 18:26:16,4002382,995.9021,995.9029817462111,26.97917,27.14004518,27.13964785900692,1329,23.933397,23.936133940372322,21.83,25.53789089968962,0.3499418187176207,-0.8468926267866248,-0.24847540403450205,994.6037795998166,991.6835700044314
2026-07-14 18:23:35.896,2026-07-14 18:26:16,4022395,995.9279,995.9224959371843,26.95833,27.118079820000002,27.11468426972001,1326,23.923517999999998,23.92333415534115,21.81667,25.519009212530577,0.3419801261724785,-0.7651716078759085,-0.211595740851715,994.666122950833,991.785450330005
2026-07-14 18:23:55.909,2026-07-14 18:26:16,4042408,995.904,995.911077477054,26.9375,27.096125,27.091472486865843,1326,23.923517999999998,23.918771617113954,21.79,25.5051220519899,0.3361244363912329,-0.8129895367625646,-0.23843255018566584,994.6699953248884,991.8507537346469
2026-07-14 18:24:15.922,2026-07-14 18:26:16,4062421,995.9175,995.9151377720747,26.89583,27.052204820000004,27.05974560710707,1324,23.916932,23.914428479999362,21.77334,25.487087043553217,0.32851975620495316,-0.7959859394000188,-0.23373309159753283,994.6885928794084,991.9596190493119
2026-07-14 18:24:35.935,2026-07-14 18:26:16,4082434,995.9145,995.9150166811146,26.89583,27.052204820000004,27.04101234663218,1320,23.90376,23.905241662999334,21.75667,25.47312700481576,0.32263333644755987,-0.7964930409576553,-0.2369298522550477,994.7192339632315,992.0214011442401
2026-07-14 18:24:55.948,2026-07-14 18:26:16,4102447,995.9174,995.916967627221,26.85417,27.00829518,27.01262655026753,1319,23.900467,23.89934871423267,21.74667,25.4559876322501,0.3154063119960372,-0.7883229198456762,-0.23645830392481948,994.7409161262561,992.1171581830987
2026-07-14 18:25:15.961,2026-07-14 18:26:16,4122460,995.9031,995.9064293695096,26.8125,26.964375,26.97686455371745,1321,23.907052999999998,23.90178574695638,21.73667,25.439325150336916,0.3083803742758367,-0.8324547600485133,-0.2620371928863383,994.7222294782174,992.2248758581663
2026-07-14 18:25:35.974,2026-07-14 18:26:16,4142473,995.9112,995.9085931486641,26.8125,26.964375,26.95524445526379,1317,23.893881,23.895927382904134,21.73333,25.425585919083964,0.30258706067407976,-0.8233933422607017,-0.26040314079331095,994.7440087202071,992.2985133820259
2026-07-14 18:25:55.987,2026-07-14 18:26:16,4162486,995.8771,995.8838273097222,26.79167,26.942420180000003,26.9346312918696,1311,23.874122999999997,23.880535544155002,21.71333,25.4075834180123,0.2949960876127811,-0.9271070752714752,-0.31605549382934706,994.7708172445797,992.3419977644854
2026-07-14 18:26:16.000,2026-07-14 18:26:16,4182499,995.8892,995.8841044270283,26.77083,26.920454820000003,26.914408212247405,1303,23.847779,23.85610239471261,21.70667,25.385255303480008,0.2855811671387026,-0.9259465706598361,-0.32018270176056673,994.8529287034045,992.4091535936185
2026-07-14 18:26:35.623,2026-07-14 18:36:16,4202547,995.9299,995.9187541126402,26.75,26.898500000000002,26.894425953547085,1301,23.841192999999997,23.840532774724082,21.7,25.367479364135583,0.27808572657932373,-0.7808415229009573,-0.2513778981608168,994.9396991267419,992.5097768093116
2026-07-14 18:26:55.636,2026-07-14 18:36:16,4222560,995.9158,995.9216634894309,26.72917,26.87654518,26.873840637779182,1298,23.831314,23.828682152467255,21.68667,25.351261395123217,0.2712472231185113,-0.7686577108197123,-0.24870524385060053,994.9823077826484,992.580774771896
2026-07-14 18:27:15.649,2026-07-14 18:36:16,4242573,995.9218,995.9236316203217,26.6875,26.832625,26.84336134909016,1295,23.821434999999997,23.818932044392945,21.67667,25.331146696741552,0.26276561642711077,-0.7604156237168563,-0.24882500364487278,995.0169414616166,992.6835825847234
2026-07-14 18:27:35.662,2026-07-14 18:36:16,4262586,995.91,995.9137607927006,26.6875,26.832625,26.824904794625926,1293,23.814849,23.812001676513876,21.66,25.3184532355699,0.25741326447195334,-0.8017524176323481,-0.27216957658019736,995.0303006556437,992.7348201024369
2026-07-14 18:27:55.675,2026-07-14 18:36:16,4282599,995.903,995.9039870989153,26.66667,26.810670180000002,26.805888736465644,1288,23.798384,23.79988738762886,21.65,25.302888062047252,0.2508500201519267,-0.842682437009228,-0.29591620842865063,995.061128225949,992.7880125859728
2026-07-14 18:28:15.688,2026-07-14 18:36:16,4302612,995.9175,995.9126728545344,26.64583,26.788704820000003,26.786181535370847,1284,23.785211999999998,23.78661817555631,21.63,25.28639985546358,0.2438975677394782,-0.8063084566489381,-0.28120544445472995,995.1142733331912,992.861902521052
2026-07-14 18:28:35.701,2026-07-14 18:36:16,4322625,995.9268,995.9246030665835,26.60417,26.74479518,26.75615637122615,1281,23.775333,23.775067094551336,21.61,25.265611732888743,0.23513200356412406,-0.7563474264525305,-0.26060771144420325,995.1649067222683,992.9731979438131
2026-07-14 18:28:55.714,2026-07-14 18:36:16,4342638,995.928,995.9293809810346,26.58333,26.72282982,26.728237408000247,1283,23.781919,23.775189711746936,21.59667,25.251713559873593,0.22927167023936548,-0.7363386011956179,-0.2535334654781262,995.1692700302851,993.0704089383728
2026-07-14 18:29:15.727,2026-07-14 18:36:16,4362651,995.9334,995.933855989746,26.5625,26.700875000000003,26.702256444416616,1281,23.775333,23.77316989663092,21.58667,25.23771317052377,0.2233682361565594,-0.7175982766781354,-0.24711502026078797,995.1805112770571,993.1609169501395
2026-07-14 18:29:35.740,2026-07-14 18:36:16,4382664,995.9825,995.9730448635555,26.5625,26.700875000000003,26.687521382552777,1282,23.778626,23.775234032061352,21.58,25.231377707307065,0.22069681120191528,-0.5534841352268116,-0.16639366201244815,995.2127520380767,993.248806024807
2026-07-14 18:29:55.753,2026-07-14 18:36:16,4402677,995.9686,995.9760373574907,26.54167,26.678920180000002,26.67130060252405,1281,23.775333,23.77495590118227,21.57667,25.22312825185316,0.21721832819160009,-0.5409522473406434,-0.16186695957452166,995.2166744704932,993.3055267384033
2026-07-14 18:30:15.766,2026-07-14 18:36:16,4422690,995.9632,995.9681951272131,26.52083,26.656954820000003,26.653517720448477,1282,23.778626,23.77707976714219,21.56333,25.215298743795334,0.21391692109746344,-0.5737937343229308,-0.1799384066127337,995.2017196696745,993.3566231095743
2026-07-14 18:30:35.779,2026-07-14 18:36:16,4442703,995.9732,995.9714775765617,26.47917,26.61304518,26.624684346615833,1281,23.775333,23.77623509586725,21.56,25.200459721241543,0.20765986714626952,-0.5600475787349439,-0.17619385579433722,995.2078306700594,993.4554417685413
2026-07-14 18:30:55.792,2026-07-14 18:36:16,4462716,995.9797,995.9782676889724,26.47917,26.61304518,26.607054563074612,1280,23.772039999999997,23.77353858480329,21.55667,25.19029657393895,0.20337445274274432,-0.5316121234559505,-0.1641188353566031,995.2236536176065,993.5206437906046
2026-07-14 18:31:15.805,2026-07-14 18:36:16,4482729,995.9838,995.9837692703027,26.4375,26.569125000000003,26.578625060917528,1277,23.762161,23.76577519314204,21.54,25.172200127029782,0.195743866278903,-0.5085727449572174,-0.1564144393391572,995.2551730689635,993.6203685525234
2026-07-14 18:31:35.818,2026-07-14 18:36:16,4502742,995.9616,995.9675773054638,26.4375,26.569125000000003,26.5614920278203,1274,23.752281999999997,23.755508409393805,21.52334,25.158500218607053,0.1899671336257444,-0.5763810320965144,-0.19320694923538498,995.2734076137971,993.6610144801034
2026-07-14 18:31:55.831,2026-07-14 18:36:16,4522755,995.9789,995.9742133185719,26.39583,26.525204820000003,26.533548482544795,1272,23.745696,23.746565508519744,21.51667,25.14005699553227,0.18219032478307934,-0.5485909098495426,-0.18320029253323164,995.3100180980429,993.7602881806953
2026-07-14 18:32:15.844,2026-07-14 18:36:16,4542768,995.9821,995.9808389832447,26.375,26.50325,26.50718289187489,1268,23.732523999999998,23.734643293612624,21.51,25.120913092743756,0.17411806583543407,-0.520844124509187,-0.17336302933687647,995.356609006292,993.8543365384415
2026-07-14 18:32:35.857,2026-07-14 18:36:16,4562781,995.9783,995.9800153239469,26.35417,26.48129518,26.48225911590941,1268,23.732523999999998,23.72966374065676,21.5,25.105961428283088,0.16781351505714504,-0.5242934233883251,-0.17823995416559002,995.3724809334843,993.9361845825917
2026-07-14 18:32:55.870,2026-07-14 18:36:16,4582794,995.9555,995.9609858491666,26.35417,26.48129518,26.468169690964743,1270,23.739109999999997,23.732985579091018,21.49,25.100577635027882,0.16554337329155472,-0.6039845604956041,-0.2192205936020247,995.3423260072157,993.9639327175075
2026-07-14 18:33:15.883,2026-07-14 18:36:16,4602807,995.9576,995.9553765479992,26.3125,26.437375000000003,26.442626051441135,1271,23.742403,23.73824040319195,21.48,25.09043322731654,0.16126586066411058,-0.6274750453129007,-0.23310459232439504,995.3191030581507,994.0430807863903
2026-07-14 18:33:35.896,2026-07-14 18:36:16,4622820,995.9844,995.9764407526764,26.3125,26.437375000000003,26.42764736914226,1272,23.745696,23.74356800233779,21.48,25.085607685740023,0.15923111249396937,-0.5392629195256577,-0.1900159035158442,995.3222929495086,994.1138070878477
2026-07-14 18:33:55.909,2026-07-14 18:36:16,4642833,995.9683,995.9729333107249,26.3125,26.437375000000003,26.420482679203364,1265,23.722645,23.731440589790267,21.46,25.075961634496814,0.1551637379195354,-0.55395129325519,-0.1993937776678273,995.3594459322852,994.1340818859537
2026-07-14 18:34:15.922,2026-07-14 18:36:16,4662846,995.9753,995.9750090040862,26.25,26.3715,26.38964478708967,1262,23.712766,23.717947321689255,21.46,25.053796054389462,0.1458173520583059,-0.5452587588493848,-0.19972070339553943,995.4067616066178,994.2385010121659
2026-07-14 18:34:35.935,2026-07-14 18:36:16,4682859,996.0018,995.9963938309453,26.22917,26.349545180000003,26.360418337216423,1263,23.716058999999998,23.713529047685125,21.45,25.036973692450772,0.1387239989849925,-0.4557039398689412,-0.15848997044197435,995.4429493708275,994.3568691711631
2026-07-14 18:34:55.948,2026-07-14 18:36:16,4702872,996.0017,996.0040343682889,26.22917,26.349545180000003,26.342665145885395,1263,23.716058999999998,23.712740028675377,21.45,25.027702587280388,0.13481472497263708,-0.423707097283783,-0.14444618615557295,995.4532314288673,994.4234406221619
2026-07-14 18:35:15.961,2026-07-14 18:36:16,4722885,996.0042,996.0063098265604,26.20833,26.32757982,26.32392995261737,1264,23.719352,23.715616811686896,21.44666,25.01977338215213,0.1314712793987969,-0.4141779926086708,-0.14135335660493692,995.4458591445637,994.4879240880388
2026-07-14 18:35:35.974,2026-07-14 18:36:16,4742898,996.0023,996.004105113618,26.1875,26.305625000000003,26.304240783067442,1259,23.702886999999997,23.70732492650171,21.44,25.005782854784577,0.12557200374050367,-0.4234108318434976,-0.14891941405149695,995.4714606270071,994.551110349132
2026-07-14 18:35:55.987,2026-07-14 18:36:16,4762911,996.0002,996.000949232877,26.16667,26.28367018,26.283730621982755,1255,23.689715,23.69450075008536,21.43,24.989115686034058,0.11854408975845938,-0.4366269467247956,-0.1590414284831681,995.5113123213862,994.6160821217455
2026-07-14 18:36:16.000,2026-07-14 18:36:16,4782924,995.9738,995.9791468992038,26.125,26.23975,26.252922059605037,1253,23.683128999999997,23.68413770201351,21.42,24.96852988080927,0.10986383514914475,-0.5279301898292275,-0.20903317734004134,995.5242751509546,994.696653862786
2026-07-14 18:36:36.616,2026-07-14 18:46:17,4802969,996.0061,995.996902580968,26.10417,26.217795180000003,26.223897786302658,1250,23.67325,23.673651725804003,21.41,24.948774756053332,0.10153384704093853,-0.4535734098210548,-0.17601978139005814,995.5771925286066,994.8108241541889
2026-07-14 18:36:56.629,2026-07-14 18:46:17,4822982,995.9997,996.0009847243593,26.10417,26.217795180000003,26.207335205165165,1248,23.666663999999997,23.66564385817058,21.39333,24.936489531667874,0.09635363308117874,-0.43647831642277624,-0.17006234167079876,995.6081330018534,994.8699416862204
2026-07-14 18:37:16.642,2026-07-14 18:46:17,4842995,995.9863,995.990625908069,26.0625,26.173875000000002,26.180021826300695,1241,23.643613,23.64833340440171,21.38,24.914177615351203,0.08694554278130424,-0.47985869653292196,-0.19645657687580886,995.6558454751807,994.9503739572083
2026-07-14 18:37:36.655,2026-07-14 18:46:17,4863008,995.9941,995.9920259073521,26.0625,26.173875000000002,26.163962111045688,1239,23.637027,23.636378231598854,21.37,24.900170171322273,0.08103913400743523,-0.473995816127324,-0.19647834105994438,995.6973521492574,995.0051567134626
2026-07-14 18:37:56.668,2026-07-14 18:46:17,4883021,996.0002,995.9982966414233,26.04167,26.15192018,26.146558442170317,1234,23.620562,23.621747436728533,21.36333,24.884152939449425,0.07428527379771457,-0.447735399883402,-0.1867250630428437,995.7527090411891,995.0692797321511
2026-07-14 18:38:16.681,2026-07-14 18:46:17,4903034,995.9676,995.9751917116042,26.04167,26.15192018,26.13748618613446,1230,23.60739,23.607671224075464,21.35,24.872578705104964,0.06940485741755617,-0.5444936210810585,-0.23754438183175114,995.7768406068164,995.0763590374097
2026-07-14 18:38:36.694,2026-07-14 18:46:17,4923047,996.0073,995.9969648171509,26.0,26.108,26.114913530483825,1231,23.610682999999998,23.6046040709236,21.34333,24.859758800703712,0.06399918914008003,-0.4533127787610514,-0.1946567948104857,995.8089016068812,995.1731697622077
2026-07-14 18:38:56.707,2026-07-14 18:46:17,4943060,996.0027,996.0039837674814,26.0,26.108,26.101391767981266,1232,23.613975999999997,23.607537741897087,21.34,24.854464754939176,0.061766890493136314,-0.4239190020229772,-0.18107605576492045,995.8060748441908,995.2251504175523
2026-07-14 18:39:16.720,2026-07-14 18:46:17,4963073,995.9772,995.9847811434531,26.0,26.108,26.094649630644188,1230,23.60739,23.606440000365605,21.33333,24.850544815504897,0.06011400045696378,-0.5043352490253276,-0.22211062428418188,995.7905595838456,995.2283853162673
2026-07-14 18:39:36.733,2026-07-14 18:46:17,4983086,996.0084,996.0007422125462,25.9375,26.042125000000002,26.063599239432808,1229,23.604097,23.604242249776302,21.33,24.833920744604555,0.05310425920649692,-0.4374939010550867,-0.19219482092429488,995.8138924455109,995.3476140813266
2026-07-14 18:39:56.746,2026-07-14 18:46:17,5003099,995.9901,995.9942344157448,25.9375,26.042125000000002,26.043484553639736,1226,23.594217999999998,23.597090134603533,21.31667,24.820287344121635,0.0473555704333219,-0.4647470824044096,-0.20869575598554385,995.8313865400098,995.4080270282416
2026-07-14 18:40:16.759,2026-07-14 18:46:17,5023112,995.9766,995.9798799585326,25.91667,26.02017018,26.02238911725866,1227,23.597510999999997,23.595696985385935,21.31,24.8090430513223,0.04261427790994755,-0.5248603031321731,-0.2411230126111128,995.821709549723,995.463868860538
2026-07-14 18:40:36.772,2026-07-14 18:46:17,5043125,996.0168,996.0064051697301,25.875,25.97625,25.990979645272667,1222,23.581046,23.585251382716216,21.3,24.78811551399444,0.03378992781199711,-0.4137787169744699,-0.18999439458123638,995.8832861574375,995.5949057180186
2026-07-14 18:40:56.785,2026-07-14 18:46:17,5063138,996.0234,996.0232639223582,25.875,25.97625,25.971515709240244,1219,23.571167,23.573827868766703,21.3,24.772671789003475,0.02727789373929496,-0.3431780733594797,-0.15795008981009237,995.9384837954067,995.676542292058
2026-07-14 18:41:16.798,2026-07-14 18:46:17,5083151,996.0305,996.0325521351682,25.875,25.97625,25.961206306109865,1215,23.557995,23.560439298522027,21.28,24.760822802315946,0.022281624699195122,-0.30428113852171956,-0.1409997569112622,995.9927117216534,995.720145365887
2026-07-14 18:41:36.811,2026-07-14 18:46:17,5103164,996.0362,996.0378534530674,25.83333,25.932329820000003,25.938023458718927,1212,23.548116,23.54851441350289,21.27,24.74326893611091,0.014879823974193391,-0.28208041798498856,-0.13360029700539758,996.038043906884,995.8026254803669
2026-07-14 18:41:56.824,2026-07-14 18:46:17,5123177,996.0512,996.0498096935005,25.83333,25.932329820000003,25.924311862698534,1211,23.544822999999997,23.541978091643305,21.26667,24.73314497717092,0.010610933819362928,-0.23201038680231906,-0.11069972649147806,996.0719437944267,995.8602337952188
2026-07-14 18:42:16.837,2026-07-14 18:46:17,5143190,996.0579,996.058442154892,25.79167,25.88842018,25.89833900969997,1205,23.525064999999998,23.52789999205175,21.25667,24.713119500875862,0.002166948703609945,-0.1958595906156399,-0.09684632095601498,996.127842932805,995.9553575054052
2026-07-14 18:42:36.851,2026-07-14 18:46:17,5163204,996.0449,996.049809649842,25.8125,25.910375000000002,25.892180536233507,1203,23.518479,23.51770562147214,21.24,24.70494307885282,-0.0012807388742238836,-0.23201056963413608,-0.11664565425417998,996.1534393975294,995.9672364166336
2026-07-14 18:42:56.865,2026-07-14 18:46:17,5183218,996.0576,996.0550863815807,25.75,25.844500000000004,25.862070725341884,1201,23.511892999999997,23.510063387544093,21.24,24.686067056442987,-0.009240042809112286,-0.20991281037782028,-0.10957642659346628,996.1843786357757,996.0728047959201
2026-07-14 18:43:16.878,2026-07-14 18:46:17,5203231,996.0615,996.060722876298,25.75,25.844500000000004,25.842976658558463,1202,23.515186,23.509991633713575,21.23333,24.67648414613602,-0.01328079324148042,-0.18630844512326583,-0.09979461918237313,996.1902568128913,996.1420522104407
2026-07-14 18:43:36.891,2026-07-14 18:46:17,5223244,996.064,996.0643459571144,25.75,25.844500000000004,25.832468721733456,1201,23.511892999999997,23.509516644786803,21.22333,24.67099268326013,-0.015596335209346302,-0.17113580197761363,-0.09336606859347997,996.1954753956619,996.1806857864202
2026-07-14 18:43:56.904,2026-07-14 18:46:17,5243257,996.0466,996.0512941553718,25.72917,25.822545180000002,25.818449552846367,1198,23.502014,23.503789945090794,21.21333,24.66111974896858,-0.019759377774642817,-0.22579379617733308,-0.12277658697598795,996.201652499951,996.2143445541025
2026-07-14 18:44:16.918,2026-07-14 18:46:17,5263271,996.0591,996.0555818017707,25.70833,25.800579820000003,25.80145453012903,1197,23.498721,23.499052354823373,21.2,24.6502534424762,-0.0243412877843203,-0.20783810265519603,-0.11608969521975816,996.2218505547429,996.2752667070986
2026-07-14 18:44:36.931,2026-07-14 18:46:17,5283284,996.075,996.0709845119524,25.6875,25.778625,25.782169116417126,1194,23.488841999999998,23.49092403902469,21.19333,24.636546577720907,-0.030120953659528226,-0.14333503554042792,-0.08672799459997807,996.2645539273492,996.3549478566817
2026-07-14 18:44:56.945,2026-07-14 18:46:17,5303298,996.0616,996.0661113559538,25.6875,25.778625,25.77091304049596,1192,23.482256,23.483117687798686,21.18,24.627015364147322,-0.0341399055368564,-0.16374271086042672,-0.09894130819864155,996.2858979116269,996.3875915698695
2026-07-14 18:45:16.958,2026-07-14 18:46:17,5323311,996.0733,996.0716451339072,25.66667,25.75667018,25.75592909193375,1190,23.475669999999997,23.475816673116388,21.17,24.615872882525068,-0.038838268141799366,-0.14056850018490488,-0.08970338416335212,996.3159551806813,996.4430756357408
2026-07-14 18:45:36.972,2026-07-14 18:46:17,5343325,996.092,996.0884454330534,25.66667,25.75667018,25.747625304446444,1188,23.469084,23.468925674058283,21.16333,24.608275489252364,-0.04204180121976503,-0.07021264653347825,-0.05612722387662164,996.355906229096,996.4875652268746
2026-07-14 18:45:56.986,2026-07-14 18:46:17,5363339,996.0645,996.0725594197354,25.625,25.712750000000003,25.724807893147744,1186,23.462497999999997,23.46228001642714,21.15,24.593543954787442,-0.048253531513775705,-0.13673967789033,-0.09249660470205286,996.3623391481201,996.5477478582616
2026-07-14 18:46:17.000,2026-07-14 18:46:17,5383353,996.0848,996.080421325196,25.625,25.712750000000003,25.710496834891575,1184,23.455911999999998,23.455741940410164,21.14667,24.583119387650868,-0.052649176762979116,-0.10381579569088063,-0.07823248622692988,996.392166314555,996.6033339912558
2026-07-14 18:46:36.594,2026-07-14 18:56:17,5403399,996.0801,996.080947946379,25.625,25.712750000000003,25.702892901704942,1182,23.449326,23.44927746432263,21.14,24.576085183013788,-0.05561523451768643,-0.10161042526518925,-0.07861282989143784,996.4144097978901,996.6292182113534
2026-07-14 18:46:56.608,2026-07-14 18:56:17,5423413,996.0716,996.0739364143137,25.60417,25.690795180000002,25.690078345063316,1182,23.449326,23.44689710951975,21.12,24.568487727291533,-0.058818793928263315,-0.13097313598603869,-0.094895964957151,996.4153926412156,996.6649389607604
2026-07-14 18:47:16.622,2026-07-14 18:56:17,5443427,996.0754,996.0740557023911,25.5625,25.646875,25.663709732693253,1181,23.446033,23.444711390866846,21.11,24.55421056178005,-0.06483893403868182,-0.13047358449348082,-0.09765625926608132,996.4228549331137,996.7530083491142
2026-07-14 18:47:36.636,2026-07-14 18:56:17,5463441,996.084,996.0815913068352,25.5625,25.646875,25.64678464555931,1180,23.442739999999997,23.442240156453312,21.11,24.544512401006312,-0.06892828122908214,-0.09891617716215084,-0.08392222919561648,996.4386955279938,996.8170097349084
2026-07-14 18:47:56.650,2026-07-14 18:56:17,5483455,996.0829,996.0837376551325,25.5625,25.646875,25.637306420118556,1180,23.442739999999997,23.441507169696965,21.11,24.539406794907762,-0.07108112200389512,-0.08992775586234263,-0.08050443893311887,996.4433052177766,996.8507790804929
2026-07-14 18:48:16.664,2026-07-14 18:56:17,5503469,996.076,996.0783142910657,25.5625,25.646875,25.63320400672239,1179,23.439446999999998,23.439531362796387,21.09667,24.53636768475939,-0.07236259968162292,-0.11263957814969996,-0.09250108891566144,996.4445179213653,996.8590386271815
2026-07-14 18:48:36.678,2026-07-14 18:56:17,5523483,996.0989,996.0937650402368,25.54167,25.62492018,25.62298425252789,1178,23.436154,23.436687016271172,21.09,24.529835634399532,-0.07511691799102604,-0.047935334610468706,-0.06152612630074737,996.4695306715296,996.908600327229
2026-07-14 18:48:56.692,2026-07-14 18:56:17,5543497,996.0916,996.0943239266016,25.5,25.581000000000003,25.598196165649973,1178,23.436154,23.43549030870514,21.08,24.516843237177557,-0.08059531995979151,-0.04559484489951516,-0.06309508242965334,996.4741104755218,996.9918763906683
2026-07-14 18:49:16.706,2026-07-14 18:56:17,5563511,996.0833,996.0863802552167,25.47917,25.559045180000002,25.572479429620497,1177,23.432861,23.43316558852969,21.08,24.502822509075095,-0.08650733012448522,-0.0788611443000001,-0.08268423721224266,996.4739744176287,997.0697549656944
2026-07-14 18:49:36.720,2026-07-14 18:56:17,5583525,996.0986,996.09489096357,25.47917,25.559045180000002,25.556369107828363,1175,23.426274999999997,23.428020909079663,21.08333,24.49219500845401,-0.09098854474030117,-0.04322022230405518,-0.06710438352217818,996.4997742195258,997.1320501368816
2026-07-14 18:49:56.734,2026-07-14 18:56:17,5603539,996.0733,996.0790251354963,25.4375,25.515125,25.52837200782768,1175,23.426274999999997,23.425607275028376,21.08,24.476989641428027,-0.09740007228427608,-0.10966272242267003,-0.10353139735347305,996.4920116703618,997.2096340846891
2026-07-14 18:50:16.748,2026-07-14 18:56:17,5623553,996.0897,996.0851709416896,25.4375,25.515125,25.51100782699448,1171,23.413103,23.416531955353474,21.07667,24.463769891173975,-0.10297434041825002,-0.08392547588051458,-0.0934499081493823,996.5286541579811,997.2737650922146
2026-07-14 18:50:36.762,2026-07-14 18:56:17,5643567,996.1021,996.0988111471781,25.41667,25.493170180000003,25.492146047759444,1169,23.406516999999997,23.407954635441843,21.07,24.450050341600644,-0.10875935500093116,-0.026803379852738715,-0.06778136742683494,996.5711233426699,997.3504087158209
2026-07-14 18:50:56.776,2026-07-14 18:56:17,5663581,996.1064,996.1070134518827,25.41667,25.493170180000003,25.48170541216253,1167,23.399931,23.400191638055713,21.06333,24.44094852510912,-0.11259724638729995,0.007546017403685942,-0.052525614491807,996.6054176759678,997.3934905577324
2026-07-14 18:51:16.790,2026-07-14 18:56:17,5683595,996.0996,996.1031062933614,25.39583,25.47120482,25.467647716828946,1166,23.396638,23.3952018590067,21.04667,24.431424787917823,-0.1166130457573011,-0.008816278929623828,-0.06271466234346246,996.6182777474135,997.4365313678584
2026-07-14 18:51:36.804,2026-07-14 18:56:17,5703609,996.0943,996.096100362807,25.39583,25.47120482,25.460219481376804,1163,23.386758999999998,23.387545559469263,21.02333,24.423882520423035,-0.11979333438198352,-0.038155531789982315,-0.07897443308598291,996.6369996885536,997.4543281410091
2026-07-14 18:51:56.818,2026-07-14 18:56:17,5723623,996.0892,996.0895576541815,25.375,25.449250000000003,25.447793941175803,1160,23.37688,23.378218344007035,21.00667,24.41300614259142,-0.12437949109407768,-0.06555491596360258,-0.09496720352884014,996.6618021703349,997.4892832726605
2026-07-14 18:52:16.832,2026-07-14 18:56:17,5743637,996.1133,996.106826943438,25.33333,25.405329820000002,25.421707292972304,1160,23.37688,23.374424634005585,21.0,24.398065963488946,-0.1306791989316943,0.006764962213787197,-0.06195711835895355,996.6918328138648,997.5937304424816
2026-07-14 18:52:36.846,2026-07-14 18:56:17,5763651,996.1248,996.1232798321394,25.33333,25.405329820000002,25.405018194412456,1158,23.370293999999998,23.3696290936586,21.0,24.387323644035526,-0.13520882830164527,0.0756659394845122,-0.029771444408566536,996.7244148877606,997.6659738770535
2026-07-14 18:52:56.860,2026-07-14 18:56:17,5783665,996.1228,996.1261401544388,25.33333,25.405329820000002,25.395705081916784,1156,23.363708,23.36390134621239,20.98667,24.379803214064587,-0.1383799088693689,0.08764432244906373,-0.02536779321015259,996.7465306780538,997.699960839126
2026-07-14 18:53:16.874,2026-07-14 18:56:17,5803679,996.1053,996.1111307306699,25.3125,25.383375,25.38205126776262,1153,23.353828999999998,23.355459391294865,20.97333,24.368755329528742,-0.14303838346476513,0.024788249894235736,-0.0591250667852647,996.7598903467034,997.7305583280436
2026-07-14 18:53:36.888,2026-07-14 18:56:17,5823693,996.0945,996.096082824032,25.3125,25.383375,25.374567055357307,1153,23.353828999999998,23.35189221021787,20.96667,24.363229632787586,-0.145368360557395,-0.0382289802133242,-0.0917986703853596,996.7568243649915,997.7404993579808
2026-07-14 18:53:56.902,2026-07-14 18:56:17,5843707,996.0956,996.092785049646,25.29167,25.361420180000003,25.361834899914548,1153,23.353828999999998,23.3512215741737,20.95667,24.356528237044124,-0.1481940854030275,-0.0520393135926003,-0.1001166994978139,996.75577889242,997.7797517221106
2026-07-14 18:54:16.916,2026-07-14 18:56:17,5863721,996.0891,996.0885888415398,25.27083,25.33945482,25.344991366723203,1151,23.347243,23.347601957616472,20.95667,24.346296662169838,-0.15250835312261768,-0.06961208422221621,-0.11106021867241694,996.7637481466596,997.8318510792889
2026-07-14 18:54:36.930,2026-07-14 18:56:17,5883735,996.0959,996.093303696263,25.25,25.317500000000003,25.325201027801132,1149,23.340657,23.341972477399327,20.95667,24.33358675260023,-0.15786764074439716,-0.049867338845805194,-0.10386748979510117,996.7873917967803,997.9027355413799
2026-07-14 18:54:56.944,2026-07-14 18:56:17,5903749,996.1172,996.1125036367052,25.25,25.317500000000003,25.313137130450517,1142,23.317605999999998,23.324791689249135,20.94667,24.318964409849826,-0.1640333290267937,0.030537669905278206,-0.06674782956075775,996.8643703074138,997.9623064231056
2026-07-14 18:55:16.958,2026-07-14 18:56:17,5923763,996.1003,996.1060979931895,25.22917,25.29554518,25.297276645044036,1142,23.317605999999998,23.316299470897565,20.94,24.3067880579708,-0.1691676355729035,0.003712283415549285,-0.08272767607867712,996.8865146274693,998.0089235943193
2026-07-14 18:55:36.972,2026-07-14 18:56:17,5943777,996.0917,996.094653537974,25.25,25.317500000000003,25.297821049211723,1140,23.31102,23.309441629807857,20.93667,24.303631339509792,-0.1704987042229882,-0.04421450700968739,-0.10735660561633781,996.8981213949005,997.9956368116284
2026-07-14 18:55:56.986,2026-07-14 18:56:17,5963791,996.0858,996.0858639459071,25.20833,25.273579820000002,25.281306218803334,1141,23.314313,23.309572997221682,20.93,24.295439608012508,-0.17395284722643756,-0.08102333093162861,-0.12748808907903308,996.8888829705597,998.0420578389301
2026-07-14 18:56:17.000,2026-07-14 18:56:17,5983805,996.0752,996.0756188120665,25.1875,25.251625,25.261423268901986,1141,23.314313,23.311130833871257,20.92,24.28627705138662,-0.17781635042762442,-0.1239276346500511,-0.15087199253883776,996.8733912040802,998.0982907635051
2026-07-14 18:56:36.594,2026-07-14 19:06:17,6003834,996.0709,996.0698124054522,25.16667,25.229670180000003,25.239612801385743,1135,23.294555,23.30016600940238,20.91,24.26988940539406,-0.18472640024639214,-0.1482435525060322,-0.16648497637621218,996.9044513627916,998.1654270609489
2026-07-14 18:56:56.608,2026-07-14 19:06:17,6023848,996.0831,996.0786819695535,25.16667,25.229670180000003,25.22591530245272,1132,23.284675999999997,23.288075132455443,20.9,24.256995217454083,-0.1901633910795024,-0.11109982378856176,-0.1506316074340321,996.953989655193,998.2201383259692
2026-07-14 18:57:16.622,2026-07-14 19:06:17,6043862,996.0667,996.0702866111665,25.125,25.185750000000002,25.19943715829981,1132,23.284675999999997,23.28261487193161,20.88,24.241026015115708,-0.19689699905311017,-0.146257686210412,-0.17157734263176108,996.9639505620836,998.3003149765304
2026-07-14 18:57:36.636,2026-07-14 19:06:17,6063876,996.0859,996.0814641040616,25.125,25.185750000000002,25.1828497255809,1131,23.281382999999998,23.2791967540203,20.87,24.2310232398006,-0.2011147906617843,-0.09944887361257851,-0.1502818321371814,996.9866341795579,998.367024036815
2026-07-14 18:57:56.650,2026-07-14 19:06:17,6083890,996.0756,996.0783479905606,25.10417,25.16379518,25.164271565639176,1133,23.287968999999997,23.282867350918732,20.86,24.223569458278952,-0.2042577681019963,-0.11249845228574108,-0.1583781101938687,996.9711700290692,998.4260760226132
2026-07-14 18:58:16.664,2026-07-14 19:06:17,6103904,996.0804,996.0798631751962,25.10417,25.16379518,25.153797148872,1133,23.287968999999997,23.285818556537553,20.86,24.219807852704776,-0.2058438947444632,-0.10615320167127586,-0.15599854820786954,996.9627610796564,998.4626528194574
2026-07-14 18:58:36.678,2026-07-14 19:06:17,6123918,996.0753,996.07650089925,25.08333,25.14182982,25.139536802717277,1133,23.287968999999997,23.2875693023945,20.85,24.213553052555888,-0.20848130713760837,-0.12023365299818208,-0.16435748006789522,996.9535078298104,998.5070159044542
2026-07-14 18:58:56.692,2026-07-14 19:06:17,6143932,996.0681,996.0694433118916,25.0625,25.119875,25.12218426762273,1129,23.274797,23.279912030057044,20.85,24.201048148839888,-0.21375415155319355,-0.14978923287206475,-0.18177169221262915,996.9721967954223,998.5580306738108
2026-07-14 18:59:16.706,2026-07-14 19:06:17,6163946,996.0776,996.0745940543202,25.04167,25.097920180000003,25.10251672499554,1129,23.274797,23.27551771636835,20.84667,24.189017220681944,-0.21882713842239734,-0.1282190883558407,-0.17352311338911902,996.9921317407536,998.6290421255253
2026-07-14 18:59:36.720,2026-07-14 19:06:17,6183960,996.0909,996.0878526074555,25.0625,25.119875,25.100564774109912,1127,23.268210999999997,23.269493285757104,20.84333,24.18502902993351,-0.22050880745350393,-0.07269526607751661,-0.14660203676551026,997.025665647644,998.6488704628088
2026-07-14 18:59:56.734,2026-07-14 19:06:17,6203974,996.0853,996.0880748780943,25.02083,25.075954820000003,25.08260489383647,1124,23.258332,23.260597231875007,20.84,24.17160106285574,-0.22617087273818856,-0.0717644469058815,-0.14896765982203503,997.0558114707279,998.7092330007727
2026-07-14 19:00:16.748,2026-07-14 19:06:17,6223988,996.1108,996.1065205624722,25.02083,25.075954820000003,25.0716995109348,1121,23.248452999999998,23.2503512670925,20.82333,24.161025389013652,-0.2306302339636534,0.005481908012875458,-0.11257416297538897,997.1087419307026,998.7642487391129
2026-07-14 19:00:36.762,2026-07-14 19:06:17,6244002,996.0909,996.0973618628655,25.0,25.054000000000002,25.05647469629134,1118,23.238574,23.239734901419475,20.81,24.148104798855407,-0.23607835761252244,-0.03287265481713921,-0.13447550621483081,997.1352890644484,998.8060566513071
2026-07-14 19:00:56.776,2026-07-14 19:06:17,6264016,996.082,996.0847069555814,25.0,25.054000000000002,25.047629923001217,1117,23.235280999999997,23.233428149159632,20.80667,24.140529036080423,-0.2392727699286094,-0.08586854477725257,-0.162570657352931,997.1438387743437,998.822992318401
2026-07-14 19:01:16.790,2026-07-14 19:06:17,6284030,996.1025,996.0964882115435,24.95833,25.01007982,25.024171123424864,1118,23.238574,23.233845930474136,20.80333,24.129008526949498,-0.24413053242045274,-0.03653130898845924,-0.140330920704456,997.1542269712338,998.9133891112988
2026-07-14 19:01:36.804,2026-07-14 19:06:17,6304044,996.1204,996.1165064658489,24.9375,24.988125,24.999592220752874,1117,23.235280999999997,23.233399178759086,20.79,24.11649569975598,-0.2494067178664956,0.04730061317045226,-0.10105305234802167,997.1757695671687,999.0158142090178
2026-07-14 19:01:56.818,2026-07-14 19:06:17,6324058,996.0886,996.09814008361,24.9375,24.988125,24.98436874573763,1117,23.235280999999997,23.23383754177,20.78,24.109103143753813,-0.25252387882336486,-0.029613642323577768,-0.1410687605734713,997.155908820412,999.0484056363413
2026-07-14 19:02:16.832,2026-07-14 19:06:17,6344072,996.0959,996.094429117867,24.9375,24.988125,24.976312390057437,1115,23.228695,23.230247387454952,20.78,24.103279888756195,-0.2549793249660998,-0.045154327667957225,-0.15006682631702853,997.1642727561912,999.0716811599007
2026-07-14 19:02:36.846,2026-07-14 19:06:17,6364086,996.0928,996.0920389845197,24.9375,24.988125,24.97329084850845,1112,23.218815999999997,23.222144069782296,20.77333,24.097717459145372,-0.2573247909190272,-0.05516366562818601,-0.15624422827360662,997.1891441547773,999.0794096575764
2026-07-14 19:02:56.860,2026-07-14 19:06:17,6384100,996.084,996.0850606406083,24.91667,24.966170180000002,24.963821317513336,1113,23.222109,23.220262357349892,20.77,24.092041837431616,-0.25971798569589405,-0.08438739186602645,-0.17205268878096025,997.1884894283013,999.104145737315
2026-07-14 19:03:16.874,2026-07-14 19:06:17,6404114,996.0975,996.093525394586,24.89583,24.944204820000003,24.94915548503537,1115,23.228695,23.22437984127833,20.77667,24.08676766315685,-0.2619419052880095,-0.0489389164033115,-0.1554404108456605,997.1831096543498,999.1617903241995
2026-07-14 19:03:36.888,2026-07-14 19:06:17,6424128,996.096,996.096455293304,24.89583,24.944204820000003,24.940311007910896,1112,23.218815999999997,23.22092878482553,20.78,24.080619896368212,-0.26453418576581167,-0.03666916313155597,-0.15060167444868383,997.1976543736515,999.1943749266045
2026-07-14 19:03:56.902,2026-07-14 19:06:17,6444142,996.0969,996.0975336015033,24.875,24.922250000000002,24.926195380176097,1111,23.215522999999997,23.216905481329377,20.77333,24.071550430752737,-0.26835843601267395,-0.032153452238338265,-0.1502559441255061,997.2122712597853,999.2427742585803
2026-07-14 19:04:16.916,2026-07-14 19:06:17,6464156,996.1081,996.1061822603167,24.875,24.922250000000002,24.917786311764015,1108,23.205644,23.208699932190726,20.77,24.063243121977372,-0.2718613135781108,0.004065175088536078,-0.13389806924478734,997.2485405476726,999.279641041026
2026-07-14 19:04:36.930,2026-07-14 19:06:17,6484170,996.0938,996.0979423007524,24.875,24.922250000000002,24.913638149310906,1104,23.192472,23.196347105554906,20.76333,24.054992627432906,-0.2753402347335726,-0.03044191220530913,-0.15289107346944086,997.2818598519314,999.2852817260059
2026-07-14 19:04:56.944,2026-07-14 19:06:17,6504184,996.1026,996.1006865119946,24.83333,24.87832982,24.89309465418191,1103,23.189179,23.188548582215724,20.76,24.040821618198816,-0.28131561276127975,-0.01894977609126161,-0.1501326944262707,997.3108521293632,999.3569135791943
2026-07-14 19:05:16.958,2026-07-14 19:06:17,6524198,996.1213,996.117031675776,24.8125,24.856375000000003,24.87006434266108,1099,23.176007,23.177517359864414,20.74333,24.023790851262746,-0.28849684233101197,0.04950007357565503,-0.11949838437767847,997.3643441055509,999.450541467338
2026-07-14 19:05:36.972,2026-07-14 19:06:17,6544212,996.1087,996.1131339075843,24.8125,24.856375000000003,24.85542780718401,1097,23.169421,23.168845298589684,20.73667,24.012136552886847,-0.29341101868170977,0.03317710181888769,-0.13011695843141105,997.389630186983,999.4957184727917
2026-07-14 19:05:56.986,2026-07-14 19:06:17,6564226,996.1135,996.1135150549738,24.8125,24.856375000000003,24.84734528432799,1098,23.172714,23.16800220691906,20.73,24.007673745623524,-0.2952928155264258,0.03477326089487777,-0.130259777315774,997.3928496227527,999.523210048862
2026-07-14 19:06:17.000,2026-07-14 19:06:17,6584240,996.11,996.1108456709313,24.77083,24.812454820000003,24.824649810859484,1097,23.169421,23.167095077401346,20.72,23.995872444130413,-0.300268977525576,0.02359448417188647,-0.13833724667684477,997.3932301680039,999.5966607946223
2026-07-14 19:06:37.594,2026-07-14 19:16:18,6604268,996.1175,996.1157115897529,24.75,24.7905,24.800407311223992,1096,23.166128,23.165387355066983,20.71667,23.982897333145488,-0.30574009054269785,0.043971851831256785,-0.13088411935572053,997.4038505474755,999.6828755317034
2026-07-14 19:06:57.608,2026-07-14 19:16:18,6624282,996.1091,996.1111810573557,24.75,24.7905,24.785898840560655,1096,23.166128,23.165037981822508,20.71,23.97546841119158,-0.3088725856444676,0.024999006673726436,-0.14193678948537058,997.400490150122,999.7270097288645
2026-07-14 19:07:17.622,2026-07-14 19:16:18,6644296,996.1157,996.1141900740158,24.75,24.7905,24.77836446374926,1096,23.166128,23.165257521571043,20.70333,23.971810992660153,-0.3104147805559108,0.03760008799575337,-0.13640734628007872,997.4027640859847,999.75531206363
2026-07-14 19:07:37.636,2026-07-14 19:16:18,6664310,996.1106,996.1117067227353,24.70833,24.74657982,24.756336026207954,1094,23.159542,23.161403065917064,20.7,23.95886954606251,-0.31587169857557307,0.02720037441121526,-0.1443356620821789,997.413251829334,999.8267455299824
2026-07-14 19:07:57.650,2026-07-14 19:16:18,6684324,996.1296,996.1254281989181,24.70833,24.74657982,24.742769977395362,1092,23.152956,23.155210293265775,20.69667,23.94899013533057,-0.3200374720105604,0.08466281372837071,-0.11768732914109484,997.447837437448,999.8860509586666
2026-07-14 19:08:17.664,2026-07-14 19:16:18,6704338,996.1258,996.1278048674168,24.70833,24.74657982,24.735651716533255,1090,23.146369999999997,23.148048101105537,20.69333,23.941849908819396,-0.32304823517519604,0.09461576394747828,-0.11421623561385888,997.474327882726,999.9123298845184
2026-07-14 19:08:37.678,2026-07-14 19:16:18,6724352,996.1125,996.1167470356285,24.6875,24.724625000000003,24.72338970572085,1088,23.139784,23.14071941954859,20.69,23.93205456263472,-0.3271785617735942,0.04830806500530615,-0.13943524838414403,997.4879271234536,999.9423911525355
2026-07-14 19:08:57.692,2026-07-14 19:16:18,6744366,996.1008,996.1027547640845,24.6875,24.724625000000003,24.716675095003772,1088,23.139784,23.137775647676367,20.68,23.92722537134007,-0.32921484889167824,-0.010288404047598837,-0.16975162646963854,997.483826009026,999.950885863741
2026-07-14 19:09:17.706,2026-07-14 19:16:18,6764380,996.0964,996.0951616280859,24.6875,24.724625000000003,24.713917217795714,1088,23.139784,23.13735287156896,20.68333,23.925635044682338,-0.3298854294276531,-0.04208674051910427,-0.18598608497337868,997.4776456565594,999.9525217183142
2026-07-14 19:09:37.720,2026-07-14 19:16:18,6784394,996.0781,996.0798856920175,24.66667,24.702670180000002,24.704073226944647,1085,23.129904999999997,23.131662363070173,20.67667,23.91786779500741,-0.3331605845190509,-0.1060589063159052,-0.21960974541747805,997.4815061945569,999.9702342608664
2026-07-14 19:09:57.734,2026-07-14 19:16:18,6804408,996.0882,996.0834763812238,24.64583,24.680704820000003,24.68872313868416,1083,23.123319,23.124839660413844,20.67,23.906781399549004,-0.33783529771232657,-0.09102191190812768,-0.21442860481022713,997.5080723116392,1000.025375881454
2026-07-14 19:10:17.748,2026-07-14 19:16:18,6824422,996.0979,996.0945592876154,24.625,24.65875,24.66945599944968,1083,23.123319,23.121892016979004,20.65667,23.895674008214343,-0.3425188640716384,-0.04460920619769416,-0.19356403513466627,997.5290955027649,1000.1011990335015
2026-07-14 19:10:37.762,2026-07-14 19:16:18,6844436,996.0858,996.0893845332694,24.625,24.65875,24.657305554723433,1080,23.113439999999997,23.114970035964422,20.64333,23.886137795343927,-0.3465399239631484,-0.06627990719443352,-0.20640991557879096,997.5472196003908,1000.1368070679745
2026-07-14 19:10:57.776,2026-07-14 19:16:18,6864450,996.0756,996.0782192630824,24.58333,24.61482982,24.631371523294774,1082,23.120026,23.11619193332799,20.63667,23.873781728311382,-0.35175000958482283,-0.11303753385448247,-0.23239377171965264,997.53192382871,1000.2126982136325
2026-07-14 19:11:17.790,2026-07-14 19:16:18,6884464,996.0767,996.0751677551802,24.625,24.65875,24.634054783426308,1081,23.116733,23.11575060192615,20.64,23.87490269267623,-0.3512773413559827,-0.12581655888902982,-0.23854695012250626,997.5303538332879,1000.2006213924393
2026-07-14 19:11:37.804,2026-07-14 19:16:18,6904478,996.0783,996.0766390473449,24.60417,24.63679518,24.629028686270505,1079,23.110146999999998,23.111695948930805,20.63,23.870362317600655,-0.3531918456101238,-0.11965512001744343,-0.23642348281378361,997.5454795474164,1000.2189808029899
2026-07-14 19:11:57.818,2026-07-14 19:16:18,6924492,996.0562,996.060586729195,24.60417,24.63679518,24.627193827942857,1078,23.106854,23.107634406800905,20.63,23.86741411737188,-0.3544349900169405,-0.18687859840237322,-0.2706567942096569,997.5430791810313,1000.2090248284986
2026-07-14 19:12:17.832,2026-07-14 19:16:18,6944506,996.0727,996.0675367313344,24.58333,24.61482982,24.617723201177597,1076,23.100268,23.101711090179887,20.63,23.859717145678744,-0.3576805115443987,-0.15777356109705054,-0.25772703632072463,997.5699847444657,1000.2478160639474
2026-07-14 19:12:37.846,2026-07-14 19:16:18,6964520,996.0877,996.083751665307,24.58333,24.61482982,24.61205015514748,1075,23.096975,23.09700866869367,20.62667,23.854529411920574,-0.35986798244361967,-0.08986908441983439,-0.22486853343172702,997.6020591350693,1000.2831563604278
2026-07-14 19:12:57.860,2026-07-14 19:16:18,6984534,996.0371,996.0498594363347,24.5625,24.592875000000003,24.599570946168942,1075,23.096975,23.09530030582867,20.61,23.847435625998806,-0.36285916337011437,-0.23180207506130582,-0.2973306192157101,997.5738679381506,1000.2910434472138
2026-07-14 19:13:17.874,2026-07-14 19:16:18,7004548,996.0645,996.0567021150121,24.5625,24.592875000000003,24.59173122760724,1071,23.083803,23.086800470012832,20.61,23.839265848810037,-0.3663040490729334,-0.20314648414490652,-0.28472526660891995,997.609344378152,1000.3242537067786
2026-07-14 19:13:37.888,2026-07-14 19:16:18,7024562,996.0598,996.0589617758951,24.5625,24.592875000000003,24.58748246295525,1069,23.077216999999997,23.07856840102364,20.60333,23.833025431989448,-0.3689353965611403,-0.1936835353600959,-0.2813094659606181,997.6393307739622,1000.340797879141
2026-07-14 19:13:57.902,2026-07-14 19:16:18,7044576,996.0742,996.0712164535942,24.5625,24.592875000000003,24.585783131860566,1069,23.077216999999997,23.0751658922559,20.59667,23.83047451205823,-0.37001102290896354,-0.14236371639520543,-0.2561873696520845,997.6630641455414,1000.358814766141
2026-07-14 19:14:17.916,2026-07-14 19:16:18,7064590,996.0645,996.0679716624041,24.54167,24.57092018,24.576075874561024,1068,23.073923999999998,23.072486947762133,20.58,23.82428141116158,-0.37262241906360066,-0.15595216813092985,-0.26428729359726527,997.6688366953575,1000.3881722599023
2026-07-14 19:14:37.930,2026-07-14 19:16:18,7084604,996.0486,996.0528208561954,24.52083,24.548954820000002,24.560328185189523,1068,23.073923999999998,23.071977734114423,20.57333,23.816152959651973,-0.3760498792922582,-0.21940031837219545,-0.2977250988322268,997.655376532824,1000.4258714815962
2026-07-14 19:14:57.944,2026-07-14 19:16:18,7104618,996.0604,996.056377043353,24.5,24.527,24.54041413252845,1070,23.080509999999997,23.07662245279174,20.57333,23.808518292660096,-0.37926912928627937,-0.20450781074226101,-0.2918884700142702,997.6432955359071,1000.4963671854993
2026-07-14 19:15:17.958,2026-07-14 19:16:18,7124632,996.063,996.0614866663238,24.5,24.527,24.527558724765733,1071,23.083803,23.08164221518084,20.57,23.804600469973288,-0.38092112677019135,-0.18310986521626765,-0.2820154959932295,997.631507752428,1000.544706922462
2026-07-14 19:15:37.972,2026-07-14 19:16:18,7144646,996.0641,996.0643199593694,24.47917,24.505045180000003,24.510632551490723,1071,23.083803,23.08414295196207,20.56667,23.797387751726397,-0.38396245695497677,-0.17124467465443136,-0.2776035658047041,997.6259237242306,1000.6044481009213
2026-07-14 19:15:57.986,2026-07-14 19:16:18,7164660,996.0461,996.0506989027053,24.5,24.527,24.510092331308336,1068,23.073923999999998,23.07862486882306,20.56667,23.7943586000657,-0.38523973551551743,-0.2282865797357335,-0.30676315762562545,997.6308646199311,1000.5925809202595
2026-07-14 19:16:18.000,2026-07-14 19:16:18,7184674,996.0667,996.0612666131597,24.47917,24.505045180000003,24.50227543039677,1066,23.067338,23.0709264592403,20.56,23.786600944818538,-0.3885108450000065,-0.18403139810566294,-0.28627112155283474,997.6673765427367,1000.6294745144289
2026-07-14 19:16:37.594,2026-07-14 19:26:18,7204700,996.0832,996.0794821718848,24.47917,24.505045180000003,24.498319649743433,1065,23.064045,23.064945706302886,20.55,23.781632678023158,-0.39060577499084204,-0.10774875738046463,-0.24917726618565333,997.7057653293396,1000.6610723395062
2026-07-14 19:16:57.608,2026-07-14 19:26:18,7224714,996.0862,996.0879618296192,24.4375,24.461125000000003,24.477609714912482,1065,23.064045,23.0624514580139,20.54667,23.770030586463193,-0.39549793770400193,-0.07223786835513345,-0.2338679030295677,997.7226600554287,1000.7392209720872
2026-07-14 19:17:17.622,2026-07-14 19:26:18,7244728,996.0859,996.0885517555371,24.4375,24.461125000000003,24.463889638727366,1065,23.064045,23.062059359871277,20.54,23.76297449929932,-0.39847322249170464,-0.06976739201520255,-0.2341203072534536,997.724571643296,1000.7859480132146
2026-07-14 19:17:37.636,2026-07-14 19:26:18,7264742,996.1016,996.0994650240849,24.4375,24.461125000000003,24.45584329390333,1066,23.067338,23.064654849708198,20.54,23.760249071805767,-0.39962243207107045,-0.02406509123310121,-0.21184376165208582,997.7267604857058,1000.8239712112207
2026-07-14 19:17:57.650,2026-07-14 19:26:18,7284756,996.1164,996.1146467811931,24.41667,24.43917018,24.442355547404915,1064,23.060751999999997,23.062239687166986,20.53,23.75229761728595,-0.40297525937088774,0.03951267437558544,-0.18173129249765116,997.7501021205655,1000.8845859046392
2026-07-14 19:18:17.664,2026-07-14 19:26:18,7304770,996.0933,996.1008282898363,24.41667,24.43917018,24.434391844442995,1062,23.054166,23.056685390606646,20.52,23.745538617524822,-0.40582527364967097,-0.018356042551507287,-0.21209065810058914,997.7549699152187,1000.8974857019103
2026-07-14 19:18:37.678,2026-07-14 19:26:18,7324784,996.1147,996.1103034120545,24.39583,24.417204820000002,24.42087856503678,1061,23.050873,23.051773144185987,20.51667,23.736325854611383,-0.409709946941324,0.021323626620500368,-0.19419316016041183,997.7810078197907,1000.9524596085413
2026-07-14 19:18:57.692,2026-07-14 19:26:18,7344798,996.1161,996.115966268291,24.375,24.39525,24.40319025666164,1057,23.037701,23.041296212759494,20.50333,23.722243234710568,-0.415648054533933,0.045038387956577074,-0.18530483328867797,997.8219740625759,1001.0176528207126
2026-07-14 19:19:17.706,2026-07-14 19:26:18,7364812,996.1349,996.1320021301929,24.35417,24.373295180000003,24.382622621669693,1058,23.040993999999998,23.038472439851414,20.49333,23.710547530760554,-0.42057969004746887,0.1121929512963504,-0.15419336937555922,997.8475504798768,1001.1029663807788
2026-07-14 19:19:37.720,2026-07-14 19:26:18,7384826,996.1286,996.1321907200726,24.35417,24.373295180000003,24.369917099165797,1052,23.021236,23.025631423646296,20.48,23.697774261406046,-0.425965694091507,0.1129827230653965,-0.15649148551305525,997.8910021671475,1001.1459078014614
2026-07-14 19:19:57.734,2026-07-14 19:26:18,7404840,996.1212,996.12437618912,24.35417,24.373295180000003,24.36322389793796,1050,23.01465,23.01538666952327,20.48,23.689305283730615,-0.42953674131072517,0.080257234592193,-0.17463975335926607,997.9176919430187,1001.1605766968964
2026-07-14 19:20:17.748,2026-07-14 19:26:18,7424854,996.0971,996.1019795045391,24.33333,24.351329820000004,24.35109019925068,1046,23.001478,23.00303670158446,20.47,23.67706345041757,-0.43469865889819315,-0.013535015708367348,-0.22411683730328025,997.93686847165,1001.1788985881193
2026-07-14 19:20:37.762,2026-07-14 19:26:18,7444868,996.102,996.0981838707809,24.3125,24.329375000000002,24.33466941462742,1043,22.991598999999997,22.99176896706864,20.46,23.663219190848032,-0.44053625896429766,-0.029430271553955493,-0.23498326525912658,997.971035649823,1001.2303472311518
2026-07-14 19:20:57.776,2026-07-14 19:26:18,7464882,996.124,996.1167904609188,24.3125,24.329375000000002,24.324797984566203,1043,22.991598999999997,22.987647010424944,20.46,23.656222497495573,-0.44348649963059505,0.04848992030101051,-0.19749828966479227,998.0035682985614,1001.2822752246062
2026-07-14 19:21:17.790,2026-07-14 19:26:18,7484896,996.115,996.1178868895984,24.29167,24.30742018,24.310193232502108,1040,22.98172,22.981105686070105,20.45,23.645649459286105,-0.44794474950957924,0.05308151566785446,-0.1974316169208624,998.0267120134179,1001.3325385235543
2026-07-14 19:21:37.804,2026-07-14 19:26:18,7504910,996.106,996.1094175313622,24.3125,24.329375000000002,24.311309660490352,1039,22.978427,22.976835751810036,20.44,23.644072706150194,-0.44860960660534455,0.017613758611766322,-0.2154979239967891,998.0326171248491,1001.3202666719035
2026-07-14 19:21:57.818,2026-07-14 19:26:18,7524924,996.106,996.1056298734336,24.29167,24.30742018,24.304567487422755,1040,22.98172,22.97790549026923,20.44,23.64123648884599,-0.4498055320529528,0.001751903737343887,-0.22402681415780445,998.025216854463,1001.3391552672091
2026-07-14 19:22:17.832,2026-07-14 19:26:18,7544938,996.0844,996.0880933693446,24.3125,24.329375000000002,24.310801226905845,1039,22.978427,22.97740299575421,20.44667,23.644102111330028,-0.4485972075543963,-0.07168700973105918,-0.26014210864272774,998.0093400613625,1001.3005424245808
2026-07-14 19:22:37.846,2026-07-14 19:26:18,7564952,996.1026,996.0964517443446,24.29167,24.30742018,24.30699103817968,1040,22.98172,22.979652074709566,20.45333,23.643321556444626,-0.44892633799490383,-0.03668402537096449,-0.24280518168293416,998.0101347001768,1001.3217705136941
2026-07-14 19:22:57.860,2026-07-14 19:26:18,7584966,996.0876,996.090022055749,24.27083,24.28545482,24.29525401090161,1039,22.978427,22.97901878457438,20.45333,23.637136397737994,-0.45153438522872985,-0.06361010721710023,-0.257572246222915,998.0058269513067,1001.3548184514287
2026-07-14 19:23:17.874,2026-07-14 19:26:18,7604980,996.0836,996.0841102170775,24.25,24.2635,24.277786505345922,1039,22.978427,22.978601585405784,20.45333,23.628194045375853,-0.4553050366296342,-0.08836755068668758,-0.27183629365816087,998.0013097689804,1001.4076831432965
2026-07-14 19:23:37.888,2026-07-14 19:26:18,7624994,996.1053,996.0995475501325,24.25,24.2635,24.26619185741162,1036,22.968548,22.972082784470985,20.45,23.619137320941302,-0.4591239144029283,-0.023719490808174964,-0.24142170260555165,998.0387470530441,1001.4622430529565
2026-07-14 19:23:57.902,2026-07-14 19:26:18,7645008,996.0539,996.0658928952498,24.25,24.2635,24.259353991125128,1036,22.968548,22.968603047884212,20.44,23.61397851950467,-0.46129918563764055,-0.16465757488664431,-0.3129783802621424,998.0167545945969,1001.4514314826306
2026-07-14 19:24:17.916,2026-07-14 19:26:18,7665022,996.0833,996.0747932700368,24.20833,24.219579820000003,24.236738679055733,1035,22.965255,22.96522509247125,20.44,23.600981885763492,-0.4667793739861438,-0.1273848179846647,-0.29708209598540425,998.0370574499414,1001.5365378447844
2026-07-14 19:24:37.930,2026-07-14 19:26:18,7685036,996.0781,996.0775117548958,24.1875,24.197625000000002,24.212244705880693,1035,22.965255,22.96401513747956,20.43333,23.588129921680128,-0.4721985606176698,-0.11600041814588405,-0.29409948938177694,998.0438593924026,1001.6217688510386
2026-07-14 19:24:57.944,2026-07-14 19:26:18,7705050,996.0798,996.0797687148633,24.20833,24.219579820000003,24.206321762211065,1036,22.968548,22.96607759782878,20.42333,23.586199680019924,-0.4730124704397596,-0.10654878018441792,-0.28978062531208876,998.0391693765802,1001.6439893962562
2026-07-14 19:25:17.958,2026-07-14 19:26:18,7725064,996.0666,996.0699289351902,24.22917,24.241545180000003,24.21433455290059,1033,22.958669,22.961296816241855,20.41667,23.587815684571222,-0.4723310625083278,-0.1477555523151425,-0.31004330741173514,998.0454236422377,1001.607104579917
2026-07-14 19:25:37.972,2026-07-14 19:26:18,7745078,996.0517,996.0542175398485,24.1875,24.197625000000002,24.20295703993983,1033,22.958669,22.95873353409136,20.41,23.580845287015592,-0.4752702152327576,-0.21355132307481822,-0.3444107691537879,998.0383205875469,1001.6296293849721
2026-07-14 19:25:57.986,2026-07-14 19:26:18,7765092,996.0562,996.0529060433889,24.16667,24.17567018,24.186255688025884,1031,22.952083,22.953579222741602,20.40667,23.569917455383745,-0.4798780680641803,-0.2190435736694919,-0.3494608208668361,998.0543794313141,1001.6845719234864
2026-07-14 19:26:18.000,2026-07-14 19:26:18,7785106,996.0429,996.0440839202788,24.16667,24.17567018,24.175558225385718,1032,22.955375999999998,22.953345861001072,20.4,23.564452043193395,-0.4821826254443293,-0.2559886302443052,-0.36908562784431725,998.0463261497572,1001.7117391643698
2026-07-14 19:26:38.594,2026-07-14 19:36:19,7805138,996.0644,996.0585011237047,24.16667,24.17567018,24.169448775771766,1032,22.955375999999998,22.953914603125256,20.4,23.561681689448513,-0.4833507787228074,-0.19561264256305666,-0.33948171064293203,998.0588553075489,1001.7468223113912
2026-07-14 19:26:58.608,2026-07-14 19:36:19,7825152,996.0322,996.0396882848082,24.14583,24.15370482,24.157282510544842,1031,22.952083,22.952485763165555,20.39667,23.5548841368552,-0.48621704927117104,-0.27439655757834736,-0.3803068034247592,998.0448207207253,1001.768894261647
2026-07-14 19:27:18.622,2026-07-14 19:36:19,7845166,996.0342,996.0329203274125,24.125,24.13175,24.140351572158796,1031,22.952083,22.95184356491301,20.39,23.546097568535902,-0.489922012439763,-0.3027392326645221,-0.3963306225521426,998.0402037260027,1001.8191385779947
2026-07-14 19:27:38.636,2026-07-14 19:36:19,7865180,996.0585,996.051236710305,24.125,24.13175,24.12979299290144,1031,22.952083,22.95168806603852,20.38333,23.54074052946998,-0.4921808729767448,-0.22603436312650976,-0.3591076180516273,998.0590811555699,1001.8731439431639
2026-07-14 19:27:58.650,2026-07-14 19:36:19,7885194,996.0425,996.0468136939919,24.125,24.13175,24.12412715389684,1028,22.942203999999997,22.94544401762033,20.38,23.534785585758584,-0.4946918472638619,-0.24455695523727797,-0.36962440125056994,998.0756961582862,1001.8877899979202
2026-07-14 19:28:18.664,2026-07-14 19:36:19,7905208,996.0176,996.0238722149003,24.10417,24.109795180000003,24.112259193579657,1026,22.935617999999998,22.937949300245787,20.37,23.525104246912722,-0.4987741012842169,-0.34063068175076083,-0.4197023915174889,998.0779711282614,1001.9047126417606
2026-07-14 19:28:38.678,2026-07-14 19:36:19,7925222,996.0349,996.0288803049658,24.10417,24.109795180000003,24.105298729576504,1026,22.935617999999998,22.934500921148302,20.36333,23.5198998253624,-0.5009686087935269,-0.3196579330718743,-0.4103132709327006,998.0946138243991,1001.9332107971916
2026-07-14 19:28:58.692,2026-07-14 19:36:19,7945236,996.0337,996.0324685534428,24.0625,24.065875000000002,24.08265610614729,1024,22.929032,22.929403572764695,20.36,23.50602983945599,-0.5068170566817972,-0.30463115988695827,-0.40572410828437777,998.1153929265195,1002.0131459745636
2026-07-14 19:29:18.706,2026-07-14 19:36:19,7965250,996.0184,996.0219577413452,24.0625,24.065875000000002,24.067847418450775,1024,22.929032,22.92744497372072,20.36,23.497646196085746,-0.5103521216555875,-0.348648064065693,-0.4295000928606403,998.11146275522,1002.0524961826711
2026-07-14 19:29:38.720,2026-07-14 19:36:19,7985264,996.0342,996.0300319041613,24.0625,24.065875000000002,24.05929972484067,1023,22.925739,22.925139415387743,20.36,23.49221957011421,-0.5126403243558515,-0.31483529606051935,-0.41373781020818545,998.1273262849317,1002.0894383403299
2026-07-14 19:29:58.734,2026-07-14 19:36:19,8005278,996.0412,996.039650119491,24.0625,24.065875000000002,24.05534084460694,1019,22.912567,22.91608139550933,20.35333,23.485711120058134,-0.5153846913107428,-0.2745563852965093,-0.39497053830362605,998.1675023424248,1002.1124633831913
2026-07-14 19:30:18.748,2026-07-14 19:36:19,8025292,996.0242,996.0292930669422,24.0625,24.065875000000002,24.054453878742105,1018,22.909274,22.90958728170907,20.35,23.482020580225587,-0.516940852220774,-0.3179293792557678,-0.4174351157382709,998.179017898096,1002.1050338200006
2026-07-14 19:30:38.762,2026-07-14 19:36:19,8045306,996.0196,996.0205327724588,24.04167,24.04392018,24.04574900483499,1018,22.909274,22.907142996002154,20.34333,23.47644600041857,-0.5192914414513858,-0.3546155115236621,-0.436953476487524,998.1784797177029,1002.1255715214712
2026-07-14 19:30:58.776,2026-07-14 19:36:19,8065320,996.0027,996.0048589015927,24.02083,24.02195482,24.030983563410686,1018,22.909274,22.906939626263732,20.34,23.46896159483721,-0.522447331898039,-0.4202541382651994,-0.47135073508161923,998.1634575540625,1002.1595914185438
2026-07-14 19:31:18.790,2026-07-14 19:36:19,8085334,996.0051,996.0021149049194,24.02083,24.02195482,24.02156779095049,1020,22.91586,22.91181842985066,20.33667,23.466693110400573,-0.5234038658918403,-0.4317453758132177,-0.477574620852529,998.1442589171719,1002.1885834382817
2026-07-14 19:31:38.804,2026-07-14 19:36:19,8105348,996.0008,995.9998601245319,24.02083,24.02195482,24.016340159945997,1019,22.912567,22.91276340976665,20.33,23.464551784856326,-0.5243067817954221,-0.44118788618625626,-0.4827473339908392,998.138813394815,1002.2039447122496
2026-07-14 19:31:58.818,2026-07-14 19:36:19,8125362,995.989,995.9906621337263,24.0,24.0,24.004468918738038,1017,22.905980999999997,22.90883360341912,20.33,23.456651261078576,-0.5276381335297343,-0.47970699167183395,-0.5036725626007841,998.1428445581506,1002.2347268357667
2026-07-14 19:32:18.832,2026-07-14 19:36:19,8145376,996.0037,995.9992431326211,23.97917,23.978045180000002,23.98759998736064,1014,22.896102,22.90019335061197,20.32333,23.443896668986305,-0.5330162620794769,-0.4437717087836875,-0.4883939854315822,998.1805752432728,1002.3002604361006
2026-07-14 19:32:38.846,2026-07-14 19:36:19,8165390,996.0035,996.0034931253816,24.0,24.0,23.986590335551604,1012,22.889516,22.891562022061265,20.32,23.439076178806435,-0.5350488802669159,-0.4259737001842849,-0.48051129022560035,998.213937421238,1002.3079430847108
2026-07-14 19:32:58.860,2026-07-14 19:36:19,8185404,995.9677,995.9763572086739,24.0,24.0,23.98771961819859,1013,22.892809,22.889898218014856,20.30667,23.438808918106723,-0.5351615739845154,-0.5396127829155111,-0.5373871784500133,998.1923512925974,1002.2768262007258
2026-07-14 19:33:18.874,2026-07-14 19:36:19,8205418,995.9747,995.9710202308784,23.97917,23.978045180000002,23.980253372914586,1012,22.889516,22.88812090506228,20.30667,23.434187138988435,-0.5371104032412136,-0.5619628390339086,-0.5495366211375612,998.1929952181446,1002.2966403912721
2026-07-14 19:33:38.888,2026-07-14 19:36:19,8225432,995.9964,995.9889803442273,23.97917,23.978045180000002,23.975790186195933,1009,22.879637,22.881611267435133,20.3,23.428700726815535,-0.5394238155188674,-0.48674994577845876,-0.513086880648663,998.2329457308566,1002.3297705455419
2026-07-14 19:33:58.902,2026-07-14 19:36:19,8245446,995.9934,995.994759859525,23.9375,23.934125,23.95426659498499,1007,22.873050999999997,22.87442373097425,20.29,23.41434516297962,-0.5454770132342502,-0.46254664267560264,-0.5040118279549264,998.2629757179521,1002.4082006269575
2026-07-14 19:34:18.916,2026-07-14 19:36:19,8265460,996.0022,996.0021283045526,23.95833,23.956079820000003,23.949310231252273,1005,22.866464999999998,22.867183145160975,20.28,23.408246688206624,-0.5480485091354338,-0.431689261179575,-0.4898688851575044,998.2947786550353,1002.4323393327791
2026-07-14 19:34:38.930,2026-07-14 19:36:19,8285474,996.0139,996.0129327181482,23.9375,23.934125,23.93773700739069,1004,22.863172,22.86223617783232,20.27,23.399986592611505,-0.5515314786904251,-0.3864428203209031,-0.4689871495056641,998.3222916586717,1002.4822642524998
2026-07-14 19:34:58.944,2026-07-14 19:36:19,8305488,995.9973,996.0028121706982,23.9375,23.934125,23.93079483295256,1005,22.866464999999998,22.86285264589224,20.27,23.396823739422402,-0.5528651341230646,-0.42882538440912144,-0.490845259266093,998.310068588823,1002.4955037049884
2026-07-14 19:35:18.958,2026-07-14 19:36:19,8325502,996.0276,996.0212165613723,23.9375,23.934125,23.927325425915864,1003,22.859879,22.860017912770044,20.26667,23.393671669342954,-0.5541942427266507,-0.35175195818390403,-0.4529731004552774,998.3380760836094,1002.5257358938667
2026-07-14 19:35:38.972,2026-07-14 19:36:19,8345516,996.0104,996.015369496898,23.9375,23.934125,23.92624070434089,1000,22.849999999999998,22.85263771833051,20.25667,23.3894392113357,-0.5559789100119494,-0.3762381419634793,-0.46610852598771435,998.3571067026822,1002.5235111698029
2026-07-14 19:35:58.986,2026-07-14 19:36:19,8365530,996.0054,996.0073416413358,23.91667,23.91217018,23.916978041032895,997,22.840121,22.842820304876746,20.25,23.379899172954822,-0.5600015829763731,-0.4098569856610692,-0.4849292843187212,998.3821729566837,1002.5466896778025
2026-07-14 19:36:19.000,2026-07-14 19:36:19,8385544,996.0381,996.0301234618375,23.89583,23.89020482,23.901523469294858,997,22.840121,22.838415954241757,20.24667,23.369969711768306,-0.5641884607929614,-0.314451873217074,-0.4393201670050177,998.4198655086452,1002.621781331855
2026-07-14 19:36:39.594,2026-07-14 19:46:20,8405565,996.0018,996.0109492590667,23.91667,23.91217018,23.90102218128151,998,22.843414,22.83948510070809,20.24,23.370253640994797,-0.5640687385887505,-0.3947490984204889,-0.4794089185046197,998.3970389692707,1002.604172175881
2026-07-14 19:36:59.608,2026-07-14 19:46:20,8425579,996.0283,996.0223838200792,23.875,23.868250000000003,23.882871964972164,996,22.836827999999997,22.83693750705248,20.24333,23.35990473601232,-0.5684324799724165,-0.3468637426799836,-0.4576481113262001,998.417094340384,1002.676947337234
2026-07-14 19:37:19.622,2026-07-14 19:46:20,8445593,995.9985,996.0048633982525,23.875,23.868250000000003,23.870889330457047,996,22.836827999999997,22.835985314105613,20.24,23.35343732228133,-0.5711595434628058,-0.4202353072707668,-0.4956974253667863,998.4027436663068,1002.6997598761444
2026-07-14 19:37:39.636,2026-07-14 19:46:20,8465607,996.0108,996.0070770263827,23.875,23.868250000000003,23.863850762230765,994,22.830242,22.831699380621856,20.24,23.347775071426312,-0.5735471002548124,-0.4109651332451081,-0.4922561167499602,998.4194199272481,1002.7257501926091
2026-07-14 19:37:59.650,2026-07-14 19:46:20,8485621,996.0193,996.0163486528207,23.875,23.868250000000003,23.86046408963931,991,22.820363,22.82337486583341,20.23,23.34191947773636,-0.5760161823996425,-0.3721376583824818,-0.47407692039106214,998.4567957065649,1002.7465180849789
2026-07-14 19:38:19.664,2026-07-14 19:46:20,8505635,996.013,996.0151051000477,23.85417,23.846295180000002,23.84989342516287,993,22.826949,22.823619115741423,20.22,23.336756270452145,-0.5781933114134592,-0.3773453761825592,-0.47776934379800917,998.4547251392173,1002.7809553131391
2026-07-14 19:38:39.678,2026-07-14 19:46:20,8525649,996.0385,996.0336172527423,23.85417,23.846295180000002,23.843516522835497,992,22.823656,22.822664025542093,20.22,23.333090274188795,-0.5797391232296695,-0.29982066698429083,-0.4397798951069801,998.4765046626642,1002.8211248492435
2026-07-14 19:38:59.692,2026-07-14 19:46:20,8545663,996.0171,996.0236426188295,23.875,23.868250000000003,23.849947502139454,990,22.817069999999998,22.818426909781063,20.21333,23.33418720596026,-0.5792765886354974,-0.3415921781749164,-0.46043438340520687,998.480799718453,1002.7893682412882
2026-07-14 19:39:19.706,2026-07-14 19:46:20,8565677,996.0152,996.0162514193214,23.83333,23.824329820000003,23.836554917711354,990,22.817069999999998,22.816464888359484,20.21333,23.32650990303542,-0.5825138165880968,-0.3725448502895717,-0.4775293334388342,998.4800093666979,1002.8271472043696
2026-07-14 19:39:39.720,2026-07-14 19:46:20,8585691,996.0305,996.0260429586524,23.83333,23.824329820000003,23.827504922219997,988,22.810484,22.811741019656793,20.21,23.319622970938397,-0.5854177750889393,-0.33154009780284666,-0.458478936445893,998.5057621013895,1002.8675658269725
2026-07-14 19:39:59.734,2026-07-14 19:46:20,8605705,996.0145,996.0181712987435,23.83333,23.824329820000003,23.822032125561915,985,22.800604999999997,22.80332253550394,20.20333,23.312677330532928,-0.5883464886605425,-0.3645048294261101,-0.47642565904332634,998.5262734260647,1002.8781214575534
2026-07-14 19:40:19.748,2026-07-14 19:46:20,8625719,996.0219,996.0201674914732,23.83333,23.824329820000003,23.819255665679147,984,22.797311999999998,22.797313223091898,20.2,23.30828444438552,-0.5901988024181464,-0.35614522568745227,-0.4731720140527993,998.5485501069627,1002.8895076436534
2026-07-14 19:40:39.762,2026-07-14 19:46:20,8645733,996.05,996.0436147160324,23.8125,23.802375,23.808689645249245,985,22.800604999999997,22.79724757995761,20.19333,23.30296861260343,-0.5924402874037947,-0.2579535515238048,-0.4251969194637998,998.572278342106,1002.9488010050692
2026-07-14 19:40:59.776,2026-07-14 19:46:20,8665747,996.0316,996.0379186173859,23.8125,23.802375,23.801970301894002,986,22.803897999999997,22.800397915397113,20.18333,23.301184108645558,-0.5931927451549739,-0.28180752455530955,-0.4375001348551417,998.5559382324087,1002.9657597233686
2026-07-14 19:41:19.790,2026-07-14 19:46:20,8685761,996.0422,996.0413778860916,23.79167,23.78042018,23.788604519362103,986,22.803897999999997,22.802650535653815,20.18,23.29562752750796,-0.5955357450281866,-0.26732088948531046,-0.4314283172567486,998.5518057901094,1003.0143886436584
2026-07-14 19:41:39.804,2026-07-14 19:46:20,8705775,996.0303,996.0332696768562,23.79167,23.78042018,23.780079836603964,985,22.800604999999997,22.801757082445555,20.17333,23.29091845952476,-0.5975213806941418,-0.30127623619523763,-0.4493988084446897,998.5466916634182,1003.0350193723049
2026-07-14 19:41:59.818,2026-07-14 19:46:20,8725789,996.0377,996.0356163495074,23.79167,23.78042018,23.775345664089766,983,22.794019,22.796859051237025,20.16667,23.286102357663395,-0.599552148493825,-0.29144890180185884,-0.4455005251478419,998.5655706179014,1003.053374951678
2026-07-14 19:42:19.832,2026-07-14 19:46:20,8745803,996.0626,996.0568323109749,23.75,23.736500000000003,23.754026614528566,981,22.787433,22.789977441561426,20.15667,23.272002028044994,-0.6054977236037852,-0.20260125289480757,-0.4040494882492964,998.6100610042939,1003.1467656892435
2026-07-14 19:42:39.846,2026-07-14 19:46:20,8765817,996.0598,996.0625269665999,23.75,23.736500000000003,23.739864005966837,980,22.784139999999997,22.784578116219517,20.15333,23.26222106109318,-0.6096219870241358,-0.17875332291085871,-0.3941876549674973,998.6339899984698,1003.2003545043619
2026-07-14 19:42:59.860,2026-07-14 19:46:20,8785831,996.0535,996.0572596133338,23.75,23.736500000000003,23.731502101234184,978,22.777554,22.77828091433397,20.14333,23.254891507784077,-0.6127125821308526,-0.20081180724445977,-0.4067621946876562,998.6499593530797,1003.2233051951916
2026-07-14 19:43:19.874,2026-07-14 19:46:20,8805845,996.0356,996.0399390965378,23.75,23.736500000000003,23.72744789776172,977,22.774261,22.773671726348322,20.14,23.250559812055023,-0.61453909420593,-0.2733462147729457,-0.4439426544894378,998.6481480509043,1003.2195599989116
2026-07-14 19:43:39.888,2026-07-14 19:46:20,8825859,996.06,996.052833893855,23.75,23.736500000000003,23.726320196009254,976,22.770968,22.770091338884086,20.14,23.24820576744667,-0.6155317056845223,-0.21934571960191623,-0.4174387126432193,998.6731595843092,1003.2363585805144
2026-07-14 19:43:59.902,2026-07-14 19:46:20,8845873,996.0698,996.0674051907017,23.70833,23.692579820000002,23.707667555971874,976,22.770968,22.769078123052587,20.12667,23.23837283951223,-0.6196778790838124,-0.15832442352036105,-0.38900115130208673,998.6911886834932,1003.3140728535094
2026-07-14 19:44:19.916,2026-07-14 19:46:20,8865887,996.0616,996.0654999687742,23.6875,23.670625,23.685656054738825,973,22.761089,22.7630019975275,20.12,23.224329026133162,-0.6255996234355578,-0.1663030621110305,-0.39595134277329413,998.7097850153964,1003.386553210991
2026-07-14 19:44:39.930,2026-07-14 19:46:20,8885901,996.081,996.0780606058564,23.70833,23.692579820000002,23.681072280881455,973,22.761089,22.76019885806484,20.12,23.220635569473146,-0.6271570142612909,-0.113701954438409,-0.37042948434984996,998.7318398344269,1003.4147010255068
2026-07-14 19:44:59.944,2026-07-14 19:46:20,8905915,996.0808,996.0823024814531,23.6875,23.670625,23.670306769464666,972,22.757796,22.75736634948285,20.11,23.21383655947376,-0.6300238993426136,-0.09593793868547401,-0.36298091901404383,998.7456531942847,1003.455367606306
2026-07-14 19:45:19.958,2026-07-14 19:46:20,8925929,996.0998,996.0972512150197,23.6875,23.670625,23.664314047094525,971,22.754503,22.754376501765073,20.10667,23.2093452744298,-0.6319177041891503,-0.03333602297358043,-0.33262686358136534,998.7707334766015,1003.4906871991409
2026-07-14 19:45:39.972,2026-07-14 19:46:20,8945943,996.1038,996.1050776998488,23.6875,23.670625,23.661753504171912,970,22.75121,22.751233252528944,20.1,23.20649337835043,-0.6331202407825907,-0.0005604743686541787,-0.3168403575756224,998.7891906224233,1003.5072287814181
2026-07-14 19:45:59.986,2026-07-14 19:46:20,8965957,996.1094,996.1104277459024,23.6875,23.670625,23.661440013747807,968,22.744623999999998,22.745882720099562,20.1,23.203661366923683,-0.6343143927709256,0.021844308659024893,-0.30623504205595037,998.8126157708589,1003.5136784880484
2026-07-14 19:46:20.000,2026-07-14 19:46:20,8985971,996.1125,996.113425967958,23.66667,23.64867018,23.65277396289508,965,22.734744999999997,22.73723746111229,20.1,23.195005712003685,-0.6379641547158936,0.03440018461861998,-0.30178198504863685,998.8448056078547,1003.5459996856368
2026-07-14 19:46:39.594,2026-07-14 19:56:20,9005998,996.1297,996.1269419768182,23.66667,23.64867018,23.647467389860136,964,22.731451999999997,22.731264254667035,20.1,23.189365822263586,-0.6403422826724126,0.09100217325235138,-0.2746700547100306,998.8785234803673,1003.5775596309172
2026-07-14 19:46:59.608,2026-07-14 19:56:20,9026012,996.114,996.1192041006543,23.64583,23.62670482,23.634943630008692,963,22.728158999999998,22.727010503934427,20.08667,23.180977066971558,-0.643879503150063,0.05859769769972143,-0.2926409027251708,998.8851247483949,1003.6121126129219
2026-07-14 19:47:19.622,2026-07-14 19:56:20,9046026,996.1497,996.1425155233206,23.625,23.604750000000003,23.61723567306494,963,22.728158999999998,22.72583968531334,20.08,23.17153767918914,-0.647859735568117,0.15622066424602316,-0.24581953566104695,998.9124537087772,1003.695485835639
2026-07-14 19:47:39.636,2026-07-14 19:56:20,9066040,996.1389,996.1432078237735,23.625,23.604750000000003,23.605719918056575,963,22.728158999999998,22.726156917170393,20.08,23.165938417613482,-0.6502207321660222,0.15911986198785807,-0.24555043508908203,998.9120769217502,1003.7351323206183
2026-07-14 19:47:59.650,2026-07-14 19:56:20,9086054,996.1467,996.1470046520897,23.625,23.604750000000003,23.599140378657967,961,22.721573,22.722701947730982,20.07333,23.160921163194473,-0.6523363183828911,0.17502012037160278,-0.23865809900564416,998.9275488602041,1003.7612130450016
2026-07-14 19:48:19.664,2026-07-14 19:56:20,9106068,996.1375,996.1404406374528,23.625,23.604750000000003,23.59616193241179,962,22.724866,22.723198833436257,20.06667,23.159680382924023,-0.6528595084424547,0.14753151144041982,-0.2526639985010174,998.9192889482114,1003.7646735591579
2026-07-14 19:48:39.678,2026-07-14 19:56:20,9126082,996.187,996.1761343738724,23.625,23.604750000000003,23.595578719051385,964,22.731451999999997,22.728117802946134,20.07333,23.16184826099876,-0.6519453963421417,0.2970088078834676,-0.17746829422933702,998.9384746423461,1003.8026133219365
2026-07-14 19:48:59.692,2026-07-14 19:56:20,9146096,996.1877,996.1906210167923,23.625,23.604750000000003,23.59641151744037,966,22.738038,22.735164453033995,20.07333,23.16578798523718,-0.6502841638031878,0.357675592462906,-0.1463042856701409,998.9292109009886,1003.8143937270802
2026-07-14 19:49:19.706,2026-07-14 19:56:20,9166110,996.1876,996.1920030576322,23.625,23.604750000000003,23.597932458936626,965,22.734744999999997,22.736519883350585,20.07333,23.167226171143604,-0.6496777352614347,0.3634632669694173,-0.1431072341460087,998.9260207272879,1003.8106414221785
2026-07-14 19:49:39.720,2026-07-14 19:56:20,9186124,996.1819,996.185313986923,23.60417,23.58279518,23.589995610773748,963,22.728158999999998,22.73223527315627,20.07,23.16111544196501,-0.6522543983814617,0.3354509514872469,-0.1584017234471074,998.9337784451106,1003.8307497468745
2026-07-14 19:49:59.734,2026-07-14 19:56:20,9206138,996.1927,996.1903779943661,23.58333,23.560829820000002,23.574981661803413,961,22.721573,22.725181190589282,20.06333,23.150081426196348,-0.656907025042859,0.3566578694985566,-0.1501245777721512,998.9626725385265,1003.8866455795944
2026-07-14 19:50:19.748,2026-07-14 19:56:20,9226152,996.2378,996.2281500606048,23.5625,23.538875,23.55512755629503,958,22.711693999999998,22.715172264464698,20.07,23.135149910379866,-0.6632030799007963,0.5148387412359711,-0.07418216933241262,999.0343452586059,1003.9918873605111
2026-07-14 19:50:39.762,2026-07-14 19:56:20,9246166,996.2097,996.2198177248669,23.5625,23.538875,23.5419468527595,955,22.701815,22.7041380033927,20.06,23.1230424280761,-0.6683083467546723,0.4799448034167901,-0.09418177166894112,999.063249412982,1004.0280926106051
2026-07-14 19:50:59.776,2026-07-14 19:56:20,9266180,996.2186,996.2191998225757,23.58333,23.560829820000002,23.543823500580743,955,22.701815,22.699414264293264,20.05333,23.121618882437005,-0.6689086020500276,0.47735716835196407,-0.09577571684903174,999.0785814812183,1004.0211191905377
2026-07-14 19:51:19.790,2026-07-14 19:56:20,9286194,996.2266,996.224992987071,23.5625,23.538875,23.537373505430036,954,22.698521999999997,22.696369748418856,20.05333,23.116871626924446,-0.6709103399511939,0.5016176312083639,-0.08464635437141499,999.0946727188202,1004.0487853098559
2026-07-14 19:51:39.804,2026-07-14 19:56:20,9306208,996.2168,996.2194846541144,23.54167,23.516920180000003,23.524297335934868,955,22.701815,22.698060643428786,20.05,23.111178989681825,-0.6733107095323128,0.4785499784249976,-0.09738036555365759,999.0834383077954,1004.0874877686088
2026-07-14 19:51:59.818,2026-07-14 19:56:20,9326222,996.2192,996.2186378299498,23.54167,23.516920180000003,23.51603696697546,952,22.691936,22.693554856641313,20.04333,23.104795911808388,-0.6760022117848359,0.4750036703222444,-0.10049927073129575,999.0978053790616,1004.1145920440005
2026-07-14 19:52:19.832,2026-07-14 19:56:20,9346236,996.2255,996.2237142508305,23.5625,23.538875,23.52117095728033,951,22.688643,22.689308173211277,20.03667,23.105239565245803,-0.675815139928622,0.49626257300315163,-0.08977628346273517,999.1172382899632,1004.1023320847738
2026-07-14 19:52:39.846,2026-07-14 19:56:20,9366250,996.2298,996.2292043563914,23.54167,23.516920180000003,23.516634532566375,950,22.68535,22.685458922532025,20.03,23.1010467275492,-0.6775831008290888,0.5192538935748047,-0.07916460362714206,999.1357443852211,1004.1232197443466
2026-07-14 19:52:59.860,2026-07-14 19:56:20,9386264,996.2234,996.225716359525,23.54167,23.516920180000003,23.51412844631337,948,22.678763999999997,22.679826215639473,20.02333,23.096977330976422,-0.6792990112815713,0.5046469514642403,-0.0873260299086655,999.1512700513323,1004.1281864644105
2026-07-14 19:53:19.874,2026-07-14 19:56:20,9406278,996.2121,996.214779620924,23.52083,23.49495482,23.503420882868276,946,22.672178,22.673245889506536,20.01667,23.088333386187408,-0.682943835507692,0.45884636340687723,-0.11204873605040738,999.1625261866884,1004.1534061002154
2026-07-14 19:53:39.888,2026-07-14 19:56:20,9426292,996.2324,996.2267912963088,23.52083,23.49495482,23.496350229592384,946,22.672178,22.670530022534585,20.01667,23.083440126063486,-0.6850071380252006,0.5091485436314392,-0.0879292971968807,999.1837466186431,1004.1894480753886
2026-07-14 19:53:59.902,2026-07-14 19:56:20,9446306,996.2307,996.2312668125553,23.5,23.473000000000003,23.482560045959957,946,22.672178,22.67007469114447,20.01,23.076317368552214,-0.6880105351740188,0.5278909935911711,-0.08005977079142385,999.189773386778,1004.2406434467734
2026-07-14 19:54:19.916,2026-07-14 19:56:20,9466320,996.2426,996.2412369300012,23.5,23.473000000000003,23.473623616753017,943,22.662298999999997,22.664267979537282,20.0,23.06894579814515,-0.6911188473000244,0.569643590839753,-0.060737628230135676,999.2193869903242,1004.2809489482877
2026-07-14 19:54:39.930,2026-07-14 19:56:20,9486334,996.2353,996.2384515699762,23.5,23.473000000000003,23.468536847673537,943,22.662298999999997,22.661544263163954,19.99333,23.065040555418747,-0.6927655402909569,0.5579791329287339,-0.06739320368111151,999.2257936972367,1004.2953636717893
2026-07-14 19:54:59.944,2026-07-14 19:56:20,9506348,996.2251,996.2280508081832,23.5,23.473000000000003,23.466250420656873,942,22.659005999999998,22.658697280227756,19.99,23.062473850442316,-0.6938478225946674,0.5144230945390115,-0.08971236402782795,999.2249786015988,1004.29262019233
2026-07-14 19:55:19.958,2026-07-14 19:56:20,9526362,996.2421,996.2374367141874,23.5,23.473000000000003,23.465822316592703,940,22.65242,22.653559487355412,19.99333,23.059690901974058,-0.6950212865911108,0.5537291463820998,-0.07064607010450552,999.2517483804581,1004.3035315821562
2026-07-14 19:55:39.972,2026-07-14 19:56:20,9546376,996.2291,996.2319467031494,23.45833,23.429079820000002,23.447182237025512,939,22.649127,22.64923739362882,19.99,23.048209815327166,-0.6998624261141172,0.5307382216508716,-0.0845621022316228,999.2608423230463,1004.361113683373
2026-07-14 19:55:59.986,2026-07-14 19:56:20,9566390,996.232,996.2314029622523,23.45833,23.429079820000002,23.434448122221063,941,22.655713,22.6518502552027,19.98,23.04314918871188,-0.7019963007439259,0.5284611577338089,-0.08676757150505854,999.2514703147168,1004.403688612109
2026-07-14 19:56:20.000,2026-07-14 19:56:20,9586404,996.2497,996.2454998178948,23.4375,23.407125,23.416981952255114,942,22.659005999999998,22.656128587866018,19.98667,23.036555270060568,-0.7047767065692749,0.5874956013408511,-0.058640552614211916,999.2511572269591,1004.4770558169612
2026-07-14 19:56:39.585,2026-07-14 20:06:20,9606433,996.2458,996.2479001361869,23.4375,23.407125,23.406086019424762,940,22.65242,22.65439499906151,19.98,23.030240509243136,-0.7074394021060146,0.5975475915467611,-0.05494590527962678,999.259421004198,1004.5163821096587
2026-07-14 19:56:59.599,2026-07-14 20:06:20,9626447,996.2444,996.2461590844326,23.4375,23.407125,23.39994996835816,939,22.649127,22.651044506831635,19.97,23.025497237594898,-0.7094394601624403,0.5902564605164959,-0.05959149982297218,999.2689931250899,1004.5354114808238
2026-07-14 19:57:19.613,2026-07-14 20:06:20,9646461,996.2388,996.2403853410295,23.4375,23.407125,23.397417475334958,938,22.645833999999997,22.64711706744218,19.96667,23.02226727138857,-0.7108014146132985,0.566077328802596,-0.07236204290535125,999.2764695569372,1004.5381683055055
2026-07-14 19:57:39.627,2026-07-14 20:06:20,9666475,996.2441,996.2423823147255,23.41667,23.385170180000003,23.387588078821267,936,22.639248,22.641081968269766,19.95667,23.014335023545517,-0.7141461431847608,0.574440203051407,-0.0698529700666769,999.2988611442447,1004.5734796260673
2026-07-14 19:57:59.641,2026-07-14 20:06:20,9686489,996.2585,996.2550835720097,23.41667,23.385170180000003,23.38177063908748,937,22.642540999999998,22.640421907724516,19.95,23.011096273405997,-0.7155118014876546,0.6276301963302606,-0.04394080257869698,999.3138313471692,1004.6059953408405
2026-07-14 19:58:19.655,2026-07-14 20:06:20,9706503,996.261,996.2617451611541,23.41667,23.385170180000003,23.378939747828852,934,22.632662,22.634546728120366,19.95,23.00674323797461,-0.7173473117072063,0.6555274252338325,-0.030909943236686943,999.3403629300649,1004.6223035680648
2026-07-14 19:58:39.669,2026-07-14 20:06:20,9726517,996.2452,996.2503755651702,23.41667,23.385170180000003,23.378141060924587,933,22.629368999999997,22.629720884511276,19.94333,23.00393097271793,-0.718533137483286,0.6079141283422093,-0.05530950457053835,999.3452629192071,1004.613544439078
2026-07-14 19:58:59.683,2026-07-14 20:06:20,9746531,996.2722,996.2661161159383,23.41667,23.385170180000003,23.37858223760887,932,22.626075999999998,22.625762370646324,19.94,23.002172304127598,-0.719274701438196,0.6738319954346561,-0.022721353001769973,999.3744273136523,1004.6279224336
2026-07-14 19:59:19.697,2026-07-14 20:06:20,9766545,996.2632,996.2659484530942,23.41667,23.385170180000003,23.37966238976819,932,22.626075999999998,22.62443323048828,19.94,23.002047810128232,-0.7193271958439297,0.6731298613584085,-0.023098667242760607,999.3787500786187,1004.6240938617242
2026-07-14 19:59:39.711,2026-07-14 20:06:20,9786559,996.2726,996.2717063056922,23.39583,23.363204820000004,23.371308316031307,931,22.622783,22.622372683581048,19.94333,22.996840499806176,-0.7215229214389012,0.6972424459739842,-0.012140237732458481,999.391488298207,1004.6582040640221
2026-07-14 19:59:59.725,2026-07-14 20:06:20,9806573,996.2587,996.2625685689126,23.39583,23.363204820000004,23.365602249204468,930,22.61949,22.61965536343439,19.93667,22.99262880631943,-0.7232988331121215,0.6589756707233032,-0.03216158119440915,999.3915035573095,1004.6683226029048
2026-07-14 20:00:19.739,2026-07-14 20:06:20,9826587,996.2684,996.2659807330482,23.39583,23.363204820000004,23.362101499471866,930,22.61949,22.618621682531987,19.93667,22.99036159100193,-0.724254831966437,0.6732650425059965,-0.025494894730220263,999.3984192203817,1004.6836251445277
2026-07-14 20:00:39.753,2026-07-14 20:06:20,9846601,996.272,996.270924978987,23.39583,23.363204820000004,23.36027915401744,928,22.612904,22.61431683197403,19.93333,22.987297992995735,-0.7255466352466081,0.693970426419499,-0.01578810441355455,999.4179253312263,1004.6947859587889
2026-07-14 20:00:59.767,2026-07-14 20:06:20,9866615,996.287,996.2843659634881,23.375,23.341250000000002,23.349976355430094,927,22.609610999999997,22.610208339227974,19.92333,22.980092347329034,-0.7285849831921217,0.7502582300033933,0.010836623405635792,999.4452921708637,1004.7432522564899
2026-07-14 20:01:19.781,2026-07-14 20:06:20,9886629,996.2637,996.2705183962657,23.375,23.341250000000002,23.343099612722742,925,22.603025,22.6043264076853,19.91667,22.973713010204023,-0.7312749081126722,0.69226774992655,-0.019503579093061052,999.4512772578851,1004.752590407804
2026-07-14 20:01:39.795,2026-07-14 20:06:20,9906643,996.2485,996.2517077790799,23.375,23.341250000000002,23.339012103880904,925,22.603025,22.601788259045247,19.91,22.970400181463077,-0.7326718025569,0.6134931389327902,-0.05958933181205489,999.4409837365536,1004.7474712752528
2026-07-14 20:01:59.809,2026-07-14 20:06:20,9926657,996.2674,996.2606172515037,23.375,23.341250000000002,23.337004367531225,923,22.596438999999997,22.597057675104136,19.91333,22.96703102131768,-0.7340924498214716,0.6508039946805764,-0.04164422757044761,999.4659083030517,1004.7632606863887
2026-07-14 20:02:19.823,2026-07-14 20:06:20,9946671,996.249,996.2520051254219,23.375,23.341250000000002,23.336415921993293,919,22.583267,22.58673599215605,19.89667,22.961575957074672,-0.7363926438640379,0.6147383581719902,-0.06082714284602386,999.4921511189597,1004.7565692263518
2026-07-14 20:02:39.838,2026-07-14 20:06:20,9966686,996.2595,996.25665232045,23.33333,23.29732982,23.31738939601738,919,22.583267,22.581904244136297,19.89,22.949646820076836,-0.7414227092552098,0.6341997600461518,-0.05361147460452903,999.5131434781116,1004.8257391243717
2026-07-14 20:02:59.853,2026-07-14 20:06:20,9986701,996.2486,996.250744122683,23.3125,23.275375,23.294539567153336,920,22.58656,22.582698517550575,19.88667,22.938619042351956,-0.7460727055697398,0.6094575638614249,-0.06830757085415745,999.5045315100564,1004.8972312231431
2026-07-14 20:03:19.867,2026-07-14 20:06:20,10006715,996.2756,996.2694010293808,23.33333,23.29732982,23.288964069293847,919,22.583267,22.58211158439744,19.89,22.935537826845643,-0.7473719374826485,0.6875884700905968,-0.02989173369602588,999.5252330830868,1004.9349507649648
2026-07-14 20:03:39.881,2026-07-14 20:06:20,10026729,996.2878,996.2865456828653,23.33333,23.29732982,23.28689707839517,920,22.58656,22.58437205735254,19.87667,22.935634567873855,-0.747331145454021,0.7593864018393548,0.0060276281926668895,999.5347936709029,1004.9592518590617
2026-07-14 20:03:59.895,2026-07-14 20:06:20,10046743,996.2676,996.2751388489178,23.33333,23.29732982,23.287057515782845,917,22.576680999999997,22.57957274221997,19.87333,22.933315129001407,-0.748309165004082,0.7116171607769611,-0.01834600211356041,999.5395706403289,1004.9472018313794
2026-07-14 20:04:19.910,2026-07-14 20:06:20,10066758,996.2866,996.2832485571496,23.3125,23.275375,23.278794266299084,914,22.566802,22.570605952824256,19.86667,22.92470010956167,-0.7519417925056322,0.7455787849449401,-0.00318150378034604,999.5780150349314,1004.9833962680915
2026-07-14 20:04:39.925,2026-07-14 20:06:20,10086773,996.28,996.2817476687269,23.29167,23.253420180000003,23.264079717316836,912,22.560215999999997,22.561948248755726,19.86,22.91301398303628,-0.7568693895818405,0.7392934036374162,-0.00878799297221211,999.6057742757931,1005.0317714521784
2026-07-14 20:04:59.940,2026-07-14 20:06:20,10106788,996.283,996.2827740126135,23.3125,23.275375,23.264138084938395,914,22.566802,22.56247930968951,19.85,22.91330869731395,-0.7567451197299081,0.7435914997397993,-0.006576809995054389,999.6050088809345,1005.0326089066854
2026-07-14 20:05:19.955,2026-07-14 20:06:20,10126803,996.2813,996.2817928667529,23.3125,23.275375,23.265591361264754,915,22.570095,22.566152803143538,19.85,22.915872082204146,-0.755664237380853,0.7394826827492931,-0.008090777315779951,999.5916070190679,1005.0266916411194
2026-07-14 20:05:39.970,2026-07-14 20:06:20,10146818,996.2734,996.275106695401,23.27083,23.231454820000003,23.24833442937409,915,22.570095,22.568735199540516,19.85,22.908534814457305,-0.7587580853738675,0.7114825091195972,-0.02363778812713513,999.5761696500155,1005.07846114816
2026-07-14 20:05:59.985,2026-07-14 20:06:20,10166833,996.283,996.2802083108005,23.29167,23.253420180000003,23.24618648470842,914,22.566802,22.567996523012685,19.84333,22.907091503860553,-0.7593666748034926,0.7328469207478135,-0.01325987702783954,999.583785031833,1005.090891553163
2026-07-14 20:06:20.000,2026-07-14 20:06:20,10186848,996.2833,996.283144654475,23.27083,23.231454820000003,23.236240886278857,912,22.560215999999997,22.56314071069421,19.84,22.89969079848653,-0.762487272041908,0.745143664039995,-0.008671804000956518,999.6031450109522,1005.1275810033244
2026-07-14 20:06:40.565,2026-07-14 20:16:21,10206878,996.2483,996.2561994191794,23.27083,23.231454820000003,23.22996102292412,913,22.563509,22.562554511320062,19.83,22.89625776712209,-0.7639348513811524,0.6323031119427474,-0.0658158697192025,999.5780914717623,1005.1216931894016
2026-07-14 20:07:00.580,2026-07-14 20:16:21,10226893,996.2531,996.249701520755,23.27083,23.231454820000003,23.22675358737985,914,22.566802,22.56477771843708,19.83333,22.895765652908466,-0.7641423573117916,0.6050913827579752,-0.07952548727690817,999.5640570486704,1005.1260149805137
2026-07-14 20:07:20.595,2026-07-14 20:16:21,10246908,996.2549,996.2516503403563,23.27083,23.231454820000003,23.22555032718786,914,22.566802,22.566220063537447,19.83,22.895885195362652,-0.7640919507851763,0.6132525985473212,-0.07541967611892758,999.5611370048227,1005.1320618999374
2026-07-14 20:07:40.610,2026-07-14 20:16:21,10266923,996.2888,996.2805033506629,23.25,23.209500000000002,23.215953495270423,914,22.566802,22.56692539805051,19.83333,22.891439446660467,-0.7659665546805601,0.7340824809720845,-0.015942036854237784,999.5877016728845,1005.1937209234015
2026-07-14 20:08:00.625,2026-07-14 20:16:21,10286938,996.259,996.2681332543332,23.25,23.209500000000002,23.209765283794002,915,22.570095,22.569245247937754,19.83,22.88950526586588,-0.7667821254864696,0.6822793148823338,-0.04225140530206789,999.5674490737748,1005.2022290871269
2026-07-14 20:08:20.640,2026-07-14 20:16:21,10306953,996.236,996.2422032503694,23.25,23.209500000000002,23.206265391243235,911,22.556922999999998,22.561935850863364,19.82,22.8841006210533,-0.7690610595642878,0.5736903220208028,-0.0976853687717425,999.566139827542,1005.1879374294099
2026-07-14 20:08:40.655,2026-07-14 20:16:21,10326968,996.2498,996.2438618143674,23.25,23.209500000000002,23.204713179583933,907,22.543751,22.549282814080136,19.81,22.876997996832035,-0.7720559672670299,0.5806360129815248,-0.09570997714275253,999.6105756495633,1005.1948757496803
2026-07-14 20:09:00.670,2026-07-14 20:16:21,10346983,996.2747,996.267136018957,23.25,23.209500000000002,23.20444836127337,905,22.537164999999998,22.538743878514886,19.82,22.87159611989413,-0.7743337342369006,0.6781031186388854,-0.04811530779900758,999.6695574507121,1005.2192573169323
2026-07-14 20:09:20.685,2026-07-14 20:16:21,10366998,996.2661,996.2697579114629,23.1875,23.143625,23.1759759642774,906,22.540457999999997,22.53654050244958,19.81,22.85625823336349,-0.780801140238314,0.6890830115460577,-0.04585906434612819,999.6796375839886,1005.3184892290853
2026-07-14 20:09:40.700,2026-07-14 20:16:21,10387013,996.2756,996.2756767101391,23.20833,23.16557982,23.165584200907233,904,22.533872,22.532785010646908,19.81,22.84918460577707,-0.7837838211580618,0.713869601941519,-0.034957109608271364,999.6982737308111,1005.359718432791
2026-07-14 20:10:00.715,2026-07-14 20:16:21,10407028,996.2709,996.2732287679912,23.1875,23.143625,23.150108394309004,900,22.520699999999998,22.523358715584045,19.80333,22.836733554946527,-0.7890339578509169,0.7036181737968987,-0.04270789202700909,999.7276884538767,1005.4097581556017
2026-07-14 20:10:20.730,2026-07-14 20:16:21,10427043,996.2939,996.2893933307803,23.20833,23.16557982,23.150268501521275,898,22.514114,22.514900116016673,19.80333,22.832584308768972,-0.7907835378583356,0.7713117073482756,-0.009735915255029981,999.7725104766145,1005.4255276722524
2026-07-14 20:10:40.745,2026-07-14 20:16:21,10447058,996.2778,996.2828494181203,23.1875,23.143625,23.14264195610772,897,22.510821,22.509491845452967,19.79333,22.826066900780344,-0.7935316820342047,0.7439072809506673,-0.024812200541768692,999.784231631519,1005.44480314169
2026-07-14 20:11:00.760,2026-07-14 20:16:21,10467073,996.2861,996.2850492773479,23.1875,23.143625,23.13849248328262,897,22.510821,22.50796305748492,19.78667,22.823227770383767,-0.7947288358225665,0.753119793925462,-0.02080452094855223,999.7916089169839,1005.4611043554538
2026-07-14 20:11:20.775,2026-07-14 20:16:21,10487088,996.269,996.2727237518035,23.1875,23.143625,23.136816049253234,897,22.510821,22.508321930364364,19.77667,22.8225689898088,-0.7950066186471845,0.7015032802056383,-0.04675166922077306,999.7780264685518,1005.454354283711
2026-07-14 20:11:40.790,2026-07-14 20:16:21,10507103,996.2685,996.267535139703,23.16667,23.121670180000002,23.127085590960462,896,22.507527999999997,22.507143630703357,19.77667,22.817114610831908,-0.7973065237389763,0.6797745460671216,-0.05876598883592732,999.7768040536886,1005.4821392418243
2026-07-14 20:12:00.805,2026-07-14 20:16:21,10527118,996.2532,996.2549737509667,23.1875,23.143625,23.130600022576182,897,22.510821,22.508945004038928,19.77667,22.819772513307555,-0.7961857869029177,0.6271702906368131,-0.08450774813305234,999.7581071143285,1005.4575349582839
2026-07-14 20:12:20.820,2026-07-14 20:16:21,10547133,996.2571,996.2542990942214,23.1875,23.143625,23.134216038053683,895,22.504234999999998,22.5059846368346,19.77333,22.820100337444142,-0.7960475558771414,0.6243449807528383,-0.08585128756215155,999.767440534126,1005.4445829213557
2026-07-14 20:12:40.835,2026-07-14 20:16:21,10567148,996.2629,996.2603025848148,23.16667,23.121670180000002,23.127780065008047,894,22.500942,22.50225414845508,19.77,22.815017106731563,-0.7981909617989046,0.6494862417451006,-0.07435236002690199,999.7860801616705,1005.4724829627268
2026-07-14 20:13:00.850,2026-07-14 20:16:21,10587163,996.2607,996.2613632585649,23.16667,23.121670180000002,23.123401071912046,893,22.497649,22.498385067342614,19.77,22.81089306962733,-0.7999299120946114,0.6539281035526638,-0.07300090427097378,999.8002285691596,1005.488414588516
2026-07-14 20:13:20.865,2026-07-14 20:16:21,10607178,996.2426,996.2470264411937,23.14583,23.099704820000003,23.111071940129296,893,22.497649,22.49675378228607,19.76,22.803912861207685,-0.802873201688921,0.5938887544903013,-0.10449222359930982,999.7913573266281,1005.5157885577286
2026-07-14 20:13:40.880,2026-07-14 20:16:21,10627193,996.2488,996.2462520274959,23.16667,23.121670180000002,23.11238234092529,892,22.494356,22.494345937036154,19.76333,22.803364138980722,-0.8031045770753981,0.590645685047446,-0.10622944601397605,999.7987228503155,1005.5105594367042
2026-07-14 20:14:00.895,2026-07-14 20:16:21,10647208,996.2376,996.2387648533,23.14583,23.099704820000003,23.104634405481097,891,22.491062999999997,22.491375680116164,19.75667,22.79800504279863,-0.8053643050203787,0.5592910926440503,-0.1230366061881642,999.8012537044207,1005.5292995169383
2026-07-14 20:14:20.910,2026-07-14 20:16:21,10667223,996.2503,996.2464331896564,23.125,23.07775,23.090017645475605,888,22.481184,22.483891056779463,19.75333,22.786954351127534,-0.8100239632784213,0.5914043512081786,-0.10930980603512136,999.8342618287622,1005.5866535047804
2026-07-14 20:14:40.925,2026-07-14 20:16:21,10687238,996.2498,996.2499129491163,23.125,23.07775,23.08027584698537,886,22.474598,22.476117984687402,19.74333,22.778196915836386,-0.8137166421521256,0.6059767969230269,-0.10386992261454936,999.8640434445309,1005.6232356235475
2026-07-14 20:15:00.940,2026-07-14 20:16:21,10707253,996.2773,996.2721546891071,23.125,23.07775,23.074497424793826,886,22.474598,22.472827563651606,19.74,22.773662494222716,-0.8156286360568012,0.6991201743193715,-0.058254230868714896,999.8974950769303,1005.6653036589885
2026-07-14 20:15:20.955,2026-07-14 20:16:21,10727268,996.261,996.2671336142655,23.125,23.07775,23.071670499831274,885,22.471304999999997,22.47009969003501,19.73,22.770885094933142,-0.8167997601747057,0.6780930483347326,-0.06935335591998654,999.9016823709143,1005.6698325364871
2026-07-14 20:15:40.970,2026-07-14 20:16:21,10747283,996.2714,996.2706880144548,23.125,23.07775,23.070854910839127,884,22.468011999999998,22.467394800950753,19.72667,22.76912485589494,-0.8175419863280188,0.6929780725452384,-0.06228195689139021,999.9143988370952,1005.6761894174448
2026-07-14 20:16:00.985,2026-07-14 20:16:21,10767298,996.2558,996.2596371223243,23.10417,23.05579518,23.06161775897019,883,22.464719,22.4645107923896,19.71667,22.763064275679895,-0.8200975035289406,0.6466994353208315,-0.08669903410405455,999.913062562305,1005.6963951569049
2026-07-14 20:16:21.000,2026-07-14 20:16:21,10787313,996.2447,996.2463511148951,23.10417,23.05579518,23.055705361807064,882,22.461426,22.46143178691643,19.71,22.758568574361746,-0.8219931705510873,0.5910606406680935,-0.11546626494149692,999.9101425073432,1005.7030571800078
2026-07-14 20:16:40.565,2026-07-14 20:26:21,10807340,996.2697,996.2619890417568,23.10417,23.05579518,23.05245981137345,884,22.468011999999998,22.464502116533964,19.71,22.75848096395371,-0.8220301125429058,0.6565487420476203,-0.08274068524764278,999.9154524526231,1005.7298634127087
2026-07-14 20:17:00.580,2026-07-14 20:26:21,10827355,996.2551,996.2583656074058,23.08333,23.03382982,23.04136864845892,883,22.464719,22.464625270369357,19.70667,22.75299695941414,-0.8243425096127455,0.6413746183791192,-0.09148394561681311,999.911399164608,1005.7638659021385
2026-07-14 20:17:20.595,2026-07-14 20:26:21,10847370,996.2719,996.2688706815678,23.0625,23.011875000000003,23.024553903479074,883,22.464719,22.464699815415532,19.71,22.7446268594473,-0.8278718638461228,0.6853674933812615,-0.07125218523243065,999.9216906083494,1005.8315721331621
2026-07-14 20:17:40.610,2026-07-14 20:26:21,10867385,996.25,996.2557140843974,23.0625,23.011875000000003,23.013513827420496,883,22.464719,22.46473286741951,19.70333,22.739123347420005,-0.8301924864849125,0.6302706396276959,-0.0999609234286083,999.9083739750437,1005.8557831023735
2026-07-14 20:18:00.625,2026-07-14 20:26:21,10887400,996.2546,996.2532031140637,23.0625,23.011875000000003,23.00711620443426,884,22.468011999999998,22.466844336496575,19.71,22.736980270465416,-0.8310961408919204,0.6197552636941152,-0.10567043859890263,999.8987118838048,1005.874976503352
2026-07-14 20:18:20.640,2026-07-14 20:26:21,10907415,996.2766,996.2707030332342,23.0625,23.011875000000003,23.00413220243777,885,22.471304999999997,22.47008295545427,19.70667,22.73710757894602,-0.8310424597260151,0.6930409677972118,-0.06900074596440164,999.9053214147592,1005.9027806505634
2026-07-14 20:18:40.655,2026-07-14 20:26:21,10927430,996.2461,996.2539573260851,23.0625,23.011875000000003,23.003439119286963,885,22.471304999999997,22.471641582763823,19.70667,22.737540351025395,-0.8308599761264788,0.6229137330844721,-0.10397312152100335,999.8832428311684,1005.8882271022908
2026-07-14 20:19:00.670,2026-07-14 20:26:21,10947445,996.2597,996.2564979806732,23.0625,23.011875000000003,23.004117475558928,882,22.461426,22.46578429047338,19.70667,22.734950883016154,-0.8319518567392332,0.6335534199627666,-0.09919921838823331,999.9056043468483,1005.888488281558
2026-07-14 20:19:20.685,2026-07-14 20:26:21,10967460,996.2847,996.278474923194,23.0625,23.011875000000003,23.005478499629277,880,22.454839999999997,22.458072455136584,19.71,22.731775477382932,-0.8332908050622762,0.725587885435393,-0.05385145981344158,999.9537479401506,1005.9060548974738
2026-07-14 20:19:40.700,2026-07-14 20:26:21,10987475,996.2842,996.2863984858393,23.04167,22.989920180000002,22.997398529751504,879,22.451546999999998,22.452154166962,19.71,22.72477634835675,-0.8362420727599583,0.7587699739813301,-0.03873604938931413,999.9817210927148,1005.9414999957428
2026-07-14 20:20:00.715,2026-07-14 20:26:21,11007490,996.2606,996.2683558767366,23.02083,22.967954820000003,22.98226894283075,878,22.448254,22.447719961368506,19.70333,22.714994452099628,-0.8403667280331705,0.6832116071644982,-0.07857756043433611,999.9786118271913,1005.9746757976189
2026-07-14 20:20:20.730,2026-07-14 20:26:21,11027505,996.2634,996.262209353894,23.02083,22.967954820000003,22.971980914154738,877,22.444961,22.444185177328496,19.69,22.708083045741617,-0.843281006403187,0.6574713594575674,-0.09290482347280982,999.9844003168787,1006.0034192872758
2026-07-14 20:20:40.745,2026-07-14 20:26:21,11047520,996.2769,996.2721430340033,23.02083,22.967954820000003,22.96570669567296,875,22.438374999999997,22.43894788650751,19.69,22.702327291090235,-0.8457079902057243,0.6990713653804089,-0.07331831241265768,1000.0120891661206,1006.0347659133847
2026-07-14 20:21:00.760,2026-07-14 20:26:21,11067535,996.2923,996.289084324516,23.0,22.946,22.952823203840158,873,22.431789,22.432666198378552,19.68,22.692744701109355,-0.84974860556871,0.7700176589913126,-0.039865473288698716,1000.0503465541576,1006.0956467282409
2026-07-14 20:21:20.775,2026-07-14 20:26:21,11087550,996.254,996.2645693351878,23.0,22.946,22.944740956305754,873,22.431789,22.430118999664508,19.67333,22.687429977985133,-0.8519896230753127,0.6673544274364285,-0.0923175978194421,1000.0343568611953,1006.0983523012595
2026-07-14 20:21:40.790,2026-07-14 20:26:21,11107565,996.2811,996.2744586683243,23.0,22.946,22.94037099041441,872,22.428496,22.427627418904958,19.67333,22.683999204659685,-0.8534362502850114,0.7087687182656857,-0.07233376600966285,1000.052713519042,1006.1231882931861
2026-07-14 20:22:00.805,2026-07-14 20:26:21,11127580,996.264,996.2669961813584,23.0,22.946,22.938633761816348,872,22.428496,22.427004767082817,19.67,22.682819264449584,-0.853933786394753,0.6775175103985711,-0.08820813799809096,1000.0473293905408,1006.1215551761314
2026-07-14 20:22:20.820,2026-07-14 20:26:21,11147595,996.2774,996.2741701285158,23.0,22.946,22.93859148515278,872,22.428496,22.427255213004383,19.67333,22.68292334907858,-0.8538898978477301,0.7075603787973611,-0.07316475952518448,1000.053683201813,1006.128943743197
2026-07-14 20:22:40.835,2026-07-14 20:26:21,11167610,996.2696,996.2714567548717,22.97917,22.92404518,22.92985259114208,872,22.428496,22.427741031586574,19.67333,22.67879681136433,-0.8556299025559999,0.6961973835704044,-0.07971625949279776,1000.0493158271212,1006.1558996749368
2026-07-14 20:23:00.850,2026-07-14 20:26:21,11187625,996.2755,996.274431460658,23.0,22.946,22.933873104118035,872,22.428496,22.42815699980132,19.67,22.681015051959676,-0.8546945544876549,0.7086547787117407,-0.0730198878879571,1000.0508944357452,1006.1452412960865
2026-07-14 20:23:20.865,2026-07-14 20:26:21,11207640,996.2802,996.2793701249432,22.97917,22.92404518,22.9280074059829,872,22.428496,22.428415193353278,19.66333,22.67821129966809,-0.8558767906686872,0.7293367879223208,-0.06327000137318317,1000.0549782520262,1006.1701620621828
2026-07-14 20:23:40.880,2026-07-14 20:26:21,11227655,996.2527,996.2593590132497,22.95833,22.90207982,22.914563072956298,870,22.421909999999997,22.424325662720037,19.65333,22.669444367838167,-0.8595734738732184,0.6455347774069818,-0.10701934823311826,1000.0487276659042,1006.1956416949959
2026-07-14 20:24:00.895,2026-07-14 20:26:21,11247670,996.2654,996.2611742284868,22.95833,22.90207982,22.905451021821452,868,22.415324,22.417871061679634,19.65,22.66166104175054,-0.8628554077791395,0.6531364883322993,-0.10485945972342009,1000.0723888551265,1006.2284439522327
2026-07-14 20:24:20.910,2026-07-14 20:26:21,11267685,996.2636,996.2625750160968,22.95833,22.90207982,22.899918628580075,867,22.412031,22.41262505300122,19.64667,22.656271840790648,-0.865127829769041,0.6590026700728062,-0.1030625798481174,1000.0915455401516,1006.2486625401149
2026-07-14 20:24:40.925,2026-07-14 20:26:21,11287700,996.2737,996.2713808620149,22.9375,22.880125000000003,22.887439821149865,865,22.405445,22.406333472518483,19.64333,22.646886646834176,-0.8690852107026704,0.6958795614483892,-0.08660282462714058,1000.121674613164,1006.2999732268871
2026-07-14 20:25:00.940,2026-07-14 20:26:21,11307715,996.2656,996.2682638342562,22.9375,22.880125000000003,22.879522218029066,863,22.398858999999998,22.399570621654778,19.64,22.63954641984192,-0.8721803064974282,0.6828261540710959,-0.09467707621316612,1000.1414305412017,1006.3237392291819
2026-07-14 20:25:20.955,2026-07-14 20:26:21,11327730,996.2693,996.2689649155484,22.95833,22.90207982,22.884813336342347,861,22.392273,22.392694002744904,19.63,22.638753669543625,-0.8725145792817897,0.6857621239821038,-0.09337622764984294,1000.1654054234615,1006.3064610502744
2026-07-14 20:25:40.970,2026-07-14 20:26:21,11347745,996.2795,996.27730290625,22.9375,22.880125000000003,22.880309399153283,861,22.392273,22.39007741569616,19.62,22.635193407424723,-0.8740158070127683,0.7206797435105853,-0.07666803175109149,1000.1826311405904,1006.3301935705115
2026-07-14 20:26:00.985,2026-07-14 20:26:21,11367760,996.2925,996.2905526608624,22.9375,22.880125000000003,22.877762171900354,863,22.398858999999998,22.39404100948394,19.62667,22.635901590692146,-0.8737171929433077,0.7761667195646236,-0.04877523668934208,1000.1825190273439,1006.3522362961173
2026-07-14 20:26:21.000,2026-07-14 20:26:21,11387775,996.2994,996.2999403771405,22.9375,22.880125000000003,22.876633462812595,865,22.405445,22.40121571194326,19.63,22.63892458737793,-0.872442509702639,0.8154803524251396,-0.028481078638749713,1000.1676630912502,1006.36555593998
2026-07-14 20:26:40.565,2026-07-14 20:36:21,11407783,996.2856,996.2909315911613,22.91667,22.858170180000002,22.866878569308234,866,22.408738,22.407208299982706,19.62667,22.63704343464547,-0.873235720582585,0.7777535939661459,-0.04774106330821959,1000.1383405558506,1006.3896194501115
2026-07-14 20:27:00.580,2026-07-14 20:36:21,11427798,996.3085,996.3038590072202,22.9375,22.880125000000003,22.869856288052056,868,22.415324,22.414100312369587,19.63333,22.641978300210823,-0.871154874625759,0.8318906890509793,-0.019632092787389865,1000.1279962009198,1006.3925543105743
2026-07-14 20:27:20.595,2026-07-14 20:36:21,11447813,996.3068,996.3079883757326,22.91667,22.858170180000002,22.863203696921495,870,22.421909999999997,22.421188708125758,19.63667,22.64219620252363,-0.8710629934710287,0.8491835505769812,-0.01093972144702371,1000.1081562248646,1006.4193432209183
2026-07-14 20:27:40.610,2026-07-14 20:36:21,11467828,996.3245,996.3220727642966,22.9375,22.880125000000003,22.868473162842843,873,22.431789,22.430289872690373,19.64333,22.649381517766606,-0.868033218095415,0.9081657848786316,0.02006628339160832,1000.0914997321333,1006.4156548858097
2026-07-14 20:28:00.625,2026-07-14 20:36:21,11487843,996.3481,996.3450048588757,22.91667,22.858170180000002,22.863258435324433,875,22.438374999999997,22.438262065781352,19.65,22.650760250552892,-0.867451858683311,1.004200211175437,0.06837417624606296,1000.0875448969805,1006.456549265124
2026-07-14 20:28:20.640,2026-07-14 20:36:21,11507858,996.3069,996.3194434273389,22.89583,22.836204820000003,22.850038801834366,879,22.451546999999998,22.449592794127167,19.65667,22.649815797980764,-0.867850098572544,0.897154716290566,0.014652308859010976,1000.0235537381029,1006.4756765402149
2026-07-14 20:28:40.655,2026-07-14 20:36:21,11527873,996.3209,996.3177087918822,22.89583,22.836204820000003,22.84087964622049,881,22.458132999999997,22.45851447613424,19.66,22.649697061177363,-0.867900165386728,0.8898904552634251,0.010995144938348578,999.9916312610923,1006.505068598467
2026-07-14 20:29:00.670,2026-07-14 20:36:21,11547888,996.3314,996.3273903088926,22.89583,22.836204820000003,22.83515536992994,885,22.471304999999997,22.47003054518868,19.67,22.65259295755931,-0.8666790755317036,0.930434459151865,0.031877691810080655,999.9623927808716,1006.5343148457484
2026-07-14 20:29:20.685,2026-07-14 20:36:21,11567903,996.3349,996.3345222780962,22.91667,22.858170180000002,22.841735855493845,887,22.477891,22.478802423916388,19.68,22.660269139705115,-0.8634423201691869,0.9603015333726833,0.04842960660174822,999.9398797384514,1006.519142456896
2026-07-14 20:29:40.700,2026-07-14 20:36:21,11587918,996.3513,996.3491345993295,22.875,22.81425,22.828193916175394,890,22.487769999999998,22.487991308425848,19.69,22.65809261230062,-0.8643600793643632,1.0214946303083154,0.07856727547197612,999.923464807411,1006.57995625897
2026-07-14 20:30:00.715,2026-07-14 20:36:21,11607933,996.343,996.3470282681756,22.875,22.81425,22.818842284680972,893,22.497649,22.49755065444214,19.69667,22.658196469561556,-0.8643162866898431,1.0126737917553061,0.07417875253273154,999.8890198752238,1006.609632812452
2026-07-14 20:30:20.730,2026-07-14 20:36:21,11627948,996.3511,996.350615428966,22.89583,22.836204820000003,22.822672859100916,894,22.500942,22.503137113540483,19.7,22.662904986320697,-0.8623308834542018,1.0276960099549517,0.08268256325037493,999.8737265024707,1006.6002290062581
2026-07-14 20:30:40.745,2026-07-14 20:36:21,11647963,996.3373,996.3408522411818,22.89583,22.836204820000003,22.8265301714851,896,22.507527999999997,22.508662754562017,19.71,22.667596463023557,-0.8603526653650957,0.9868099873348966,0.06322866098490043,999.845242076997,1006.577247000043
2026-07-14 20:31:00.760,2026-07-14 20:36:21,11667978,996.345,996.3427428510507,22.875,22.81425,22.820263064236403,899,22.517407,22.516608595648062,19.72,22.668435829942233,-0.8599987361169956,0.9947274339288087,0.06736434890590653,999.8202691177828,1006.6004711331632
2026-07-14 20:31:20.775,2026-07-14 20:36:21,11687993,996.3494,996.3478924195706,22.875,22.81425,22.815990929159227,903,22.530579,22.528148411702663,19.73,22.672069670430943,-0.8584664831734158,1.016292662380921,0.0789130896037526,999.7864151707624,1006.620203615602
2026-07-14 20:31:40.790,2026-07-14 20:36:21,11708008,996.3709,996.3667202072679,22.875,22.81425,22.813376821600144,906,22.540457999999997,22.53940152756406,19.74,22.676389174582102,-0.8566451118251187,1.0951391795937642,0.11924703388432273,999.7672581274944,1006.6481166956042
2026-07-14 20:32:00.805,2026-07-14 20:36:21,11728023,996.3714,996.3735757916487,22.875,22.81425,22.81202231388538,909,22.550337,22.55011324853766,19.74667,22.681067781211517,-0.8546723205586759,1.123848816677722,0.13458824805952307,999.7379203442852,1006.6596501064116
2026-07-14 20:32:20.820,2026-07-14 20:36:21,11748038,996.3736,996.375536842603,22.875,22.81425,22.811544896379733,912,22.560215999999997,22.560364160671433,19.76,22.685954528525585,-0.8526117642464839,1.1320612546075748,0.13972474518054545,999.7052316538172,1006.6632552547665
2026-07-14 20:32:40.835,2026-07-14 20:36:21,11768053,996.398,996.3939763671514,22.875,22.81425,22.81161933719297,916,22.573387999999998,22.572434447926145,19.77,22.692026892559557,-0.8500512782552991,1.209281813553487,0.17961526764909397,999.6829278041203,1006.6816319675279
2026-07-14 20:33:00.850,2026-07-14 20:36:21,11788068,996.4167,996.4149234442716,22.875,22.81425,22.8119936175504,919,22.583267,22.583408365277784,19.78,22.69770099141409,-0.8476587256105051,1.2970034356193119,0.22467235500440336,999.6668475445291,1006.7015222213064
2026-07-14 20:33:20.865,2026-07-14 20:36:21,11808083,996.4223,996.4248587727915,22.875,22.81425,22.812488605851645,923,22.596438999999997,22.595741819179956,19.79333,22.704115212515802,-0.8449540914378157,1.3386103447129905,0.24682812663758735,999.6351258800062,1006.7098764236766
2026-07-14 20:33:40.880,2026-07-14 20:36:21,11828098,996.4162,996.4207610814627,22.875,22.81425,22.812988660619794,926,22.606317999999998,22.60672903898183,19.8,22.70985884980081,-0.8425322170698707,1.3214501400686929,0.2394589614994111,999.5938791768405,1006.7040355209112
2026-07-14 20:34:00.895,2026-07-14 20:36:21,11848113,996.4186,996.4191450977573,22.85417,22.79229518,22.80377655761537,929,22.616197,22.61687711234398,19.81,22.710326834979675,-0.8423348854395761,1.3146827657445705,0.2361739401524972,999.5579609828279,1006.7337383148508
2026-07-14 20:34:20.910,2026-07-14 20:36:21,11868128,996.4286,996.4263214664466,22.875,22.81425,22.806814599637622,930,22.61949,22.622428022723927,19.82,22.714621311180775,-0.8405240674301692,1.3447357749709552,0.252105853770393,999.5464006141087,1006.7306546204602
2026-07-14 20:34:40.925,2026-07-14 20:36:21,11888143,996.4211,996.4232991416299,22.85417,22.79229518,22.799805250587312,932,22.626075999999998,22.627704083734677,19.83,22.713754667160995,-0.8408894983989939,1.332078962098751,0.24559473184987857,999.525539044213,1006.7514446286682
2026-07-14 20:35:00.940,2026-07-14 20:36:21,11908158,996.4196,996.4202110523768,22.875,22.81425,22.80457971943432,932,22.626075999999998,22.629089883244404,19.84333,22.71683480133936,-0.8395907224411377,1.319146742638751,0.23977801009880667,999.5177583262729,1006.7320832259751
2026-07-14 20:35:20.955,2026-07-14 20:36:21,11928173,996.4233,996.4220935403085,22.875,22.81425,22.808477740528623,935,22.635955,22.63494243014426,19.85,22.72171008533644,-0.8375349997756761,1.3270301763964047,0.2447475883103643,999.4998696770577,1006.7207256656347
2026-07-14 20:35:40.970,2026-07-14 20:36:21,11948188,996.4207,996.4211533916006,22.83333,22.77032982,22.792083639770734,937,22.642540999999998,22.641586339000707,19.85667,22.71683498938572,-0.8395906431491076,1.3230930462100456,0.24175120153046903,999.4764764260862,1006.7755443652923
2026-07-14 20:36:00.985,2026-07-14 20:36:21,11968203,996.4143,996.4156743562398,22.83333,22.77032982,22.780146624844367,939,22.649127,22.648497471246298,19.87,22.714322048045332,-0.8406502553631869,1.3001480851330967,0.22974891488495486,999.4476286255036,1006.8106187501334
2026-07-14 20:36:21.000,2026-07-14 20:36:21,11988218,996.425,996.4220893895332,22.83333,22.77032982,22.7722163336945,942,22.659005999999998,22.657505702079987,19.88,22.714861017887245,-0.8404229921882246,1.327012793887928,0.24329490084985167,999.4236267878354,1006.8440819620969
2026-07-14 20:36:41.565,2026-07-14 20:46:22,12008233,996.4498,996.4447631344743,22.83333,22.77032982,22.767448164045874,944,22.665591999999997,22.665521627062596,19.89,22.716484895554235,-0.8397382644620105,1.4219653103237822,0.2911135229308858,999.4192861194197,1006.8832166852841
2026-07-14 20:37:01.580,2026-07-14 20:46:22,12028248,996.4375,996.442799390443,22.85417,22.79229518,22.774956045680746,947,22.675470999999998,22.674678699224394,19.9,22.72481737245257,-0.8362247744520742,1.413741594396367,0.28875840997214636,999.3863801610194,1006.8556868894389
2026-07-14 20:37:21.595,2026-07-14 20:46:22,12048263,996.4302,996.433625841501,22.83333,22.77032982,22.771647531368213,949,22.682057,22.68244184778513,19.91,22.727044689576672,-0.8352855991552237,1.3753248459079208,0.27001962337634855,999.3509541484536,1006.8576743945656
2026-07-14 20:37:41.610,2026-07-14 20:46:22,12068278,996.4209,996.422393142415,22.85417,22.79229518,22.77930142465525,952,22.691936,22.69143526792021,19.92,22.73536834628773,-0.8317758282842985,1.3282848422670381,0.2482545069913698,999.3093091748522,1006.8202831882807
2026-07-14 20:38:01.625,2026-07-14 20:46:22,12088293,996.4393,996.4335317981845,22.85417,22.79229518,22.785226622711654,955,22.701815,22.701154130700615,19.93,22.743190376706135,-0.8284775742275751,1.374931013765137,0.27322671976878093,999.287651910007,1006.8113793553645
2026-07-14 20:38:21.640,2026-07-14 20:46:22,12108308,996.4149,996.4201177852402,22.85417,22.79229518,22.789438187994765,957,22.708401,22.70908150468574,19.94333,22.74925984634025,-0.825918308695217,1.3187561609620546,0.24641892613341881,999.2474244971835,1006.7834977217477
2026-07-14 20:38:41.655,2026-07-14 20:46:22,12128323,996.4239,996.4212845032774,22.8125,22.748375000000003,22.77284510002477,960,22.71828,22.71803916482844,19.96,22.745442132426604,-0.8275280940999717,1.3236421122635254,0.2480570090817768,999.2183414124514,1006.8411293524546
2026-07-14 20:39:01.670,2026-07-14 20:46:22,12148338,996.4443,996.4390232140962,22.83333,22.77032982,22.770108833307233,963,22.728158999999998,22.727662316369408,19.97333,22.74888557483832,-0.8260761248162922,1.3979278217898456,0.2859258484867767,999.2036306724315,1006.8683636249411
2026-07-14 20:39:21.685,2026-07-14 20:46:22,12168353,996.4496,996.4500334670131,22.8125,22.748375000000003,22.75895090167401,965,22.734744999999997,22.73550298595197,19.98,22.74722694381299,-0.8267755067178283,1.4440362711778179,0.3086303822299948,999.1881932847957,1006.917455838638
2026-07-14 20:39:41.700,2026-07-14 20:46:22,12188368,996.4507,996.4530280932232,22.83333,22.77032982,22.761013880367855,968,22.744623999999998,22.74440460982071,19.99,22.75270924509428,-0.8244638278475127,1.4565770885493807,0.316056630350934,999.1611366861296,1006.9134620570961
2026-07-14 20:40:01.715,2026-07-14 20:46:22,12208383,996.4543,996.4551644444847,22.85417,22.79229518,22.77300421001796,971,22.754503,22.75400069661131,20.00333,22.763502453314636,-0.8199127406113802,1.4655236445238857,0.32280545195625276,999.1308762482932,1006.874822214979
2026-07-14 20:40:21.730,2026-07-14 20:46:22,12228398,996.4374,996.4418855741159,22.83333,22.77032982,22.77250535680631,974,22.764381999999998,22.763937638329956,20.01333,22.768221497568135,-0.8179228983299781,1.4099147382660606,0.29599591996804125,999.0840108412017,1006.8631018140137
2026-07-14 20:40:41.745,2026-07-14 20:46:22,12248413,996.4473,996.4442060502457,22.83333,22.77032982,22.771950788532646,977,22.774261,22.7739791623111,20.03,22.77296497542187,-0.8159227533245011,1.419632367551869,0.3018548071136839,999.0524356909608,1006.867333460379
2026-07-14 20:41:01.760,2026-07-14 20:46:22,12268428,996.4151,996.4212411708148,22.85417,22.79229518,22.781091562814932,978,22.777554,22.7797981591271,20.03,22.780444860971016,-0.8127687688042874,1.3234606457091966,0.2553459384524546,999.0097663486555,1006.8130287732798
2026-07-14 20:41:21.775,2026-07-14 20:46:22,12288443,996.4324,996.4263195756507,22.8125,22.748375000000003,22.768321948869307,979,22.780846999999998,22.783287871411897,20.04667,22.7758049101406,-0.8147252603839424,1.3447278567456016,0.26500129818082957,999.0030773370543,1006.8616068571114
2026-07-14 20:41:41.790,2026-07-14 20:46:22,12308458,996.4194,996.4207092876894,22.8125,22.748375000000003,22.758644463640685,983,22.794019,22.792186769095956,20.06,22.77541561636832,-0.8148894108276248,1.321233239458573,0.25317191431547414,998.9674129706173,1006.888866333361
2026-07-14 20:42:01.805,2026-07-14 20:46:22,12328473,996.4431,996.4373223617641,22.85417,22.79229518,22.771231360880346,985,22.800604999999997,22.8001916009401,20.07,22.785711480910223,-0.8105480345894431,1.3908050368491163,0.29012850112983657,998.9570480818443,1006.8628255906549
2026-07-14 20:42:21.820,2026-07-14 20:46:22,12348488,996.4167,996.4235300548054,22.8125,22.748375000000003,22.76163945632054,987,22.807191,22.807421532163954,20.07333,22.784530494242247,-0.8110460119508479,1.3330459742598002,0.26099998115447615,998.9188177564746,1006.8815257422033
2026-07-14 20:42:41.835,2026-07-14 20:46:22,12368503,996.4455,996.4392108654259,22.8125,22.748375000000003,22.754587472266117,990,22.817069999999998,22.81627076708501,20.08667,22.785429119675563,-0.8106670956308689,1.3987136631237833,0.2940232837464572,998.9046702214565,1006.921367461541
2026-07-14 20:43:01.850,2026-07-14 20:46:22,12388518,996.4218,996.4276260136447,22.83333,22.77032982,22.75950209232836,996,22.836827999999997,22.83234545595692,20.09667,22.79592377414264,-0.8062418972081554,1.3501989236302343,0.27197851321103944,998.8388072027456,1006.8929374583333
2026-07-14 20:43:21.865,2026-07-14 20:46:22,12408533,996.4302,996.4283697357947,22.8125,22.748375000000003,22.753973192282107,997,22.840121,22.841681057830353,20.10667,22.79782712505623,-0.8054393261957308,1.35331346381114,0.2739370688077046,998.8080492432381,1006.912502576713
2026-07-14 20:43:41.880,2026-07-14 20:46:22,12428548,996.4214,996.4226810227633,22.83333,22.77032982,22.75981897292629,999,22.846707,22.848762496962244,20.12,22.804290734944267,-0.8027138666418878,1.3294904200652993,0.2633882767117057,998.7784517160072,1006.886862286148
2026-07-14 20:44:01.895,2026-07-14 20:46:22,12448563,996.4367,996.4327095490928,22.83333,22.77032982,22.764423598796,1001,22.853292999999997,22.854872310571754,20.12667,22.809647954683875,-0.8004549299216545,1.3714876205102284,0.285516345294287,998.7678880360241,1006.8813281404709
2026-07-14 20:44:21.910,2026-07-14 20:46:22,12468578,996.4182,996.4226623214648,22.83333,22.77032982,22.767750595532014,1003,22.859879,22.860783121551663,20.14,22.81426685854184,-0.7985073130533674,1.3294121032563562,0.2654523951014944,998.7378738379382,1006.8598553269652
2026-07-14 20:44:41.925,2026-07-14 20:46:22,12488593,996.4201,996.4194245885592,22.8125,22.748375000000003,22.76028925898056,1006,22.869757999999997,22.868941504230698,20.15,22.814615381605627,-0.7983603540737274,1.3158532100194822,0.2587464279728774,998.7071031161345,1006.8819714278113
2026-07-14 20:45:01.940,2026-07-14 20:46:22,12508608,996.4161,996.4159760548479,22.83333,22.77032982,22.764253671241,1009,22.879637,22.878459567858062,20.15667,22.821356619549533,-0.7955178292807393,1.3014115306782887,0.2529468506987747,998.6715358169882,1006.8649973661741
2026-07-14 20:45:21.955,2026-07-14 20:46:22,12528623,996.4028,996.4048770704036,22.83333,22.77032982,22.7672433872346,1010,22.882929999999998,22.884375002658647,20.17,22.825809194946622,-0.7936403468265985,1.2549314937190723,0.23064557344623693,998.6404562196171,1006.8436095292548
2026-07-14 20:45:41.970,2026-07-14 20:46:22,12548638,996.4059,996.4037179451077,22.8125,22.748375000000003,22.75965716606672,1012,22.889516,22.890258444595254,20.17667,22.82495780533099,-0.7939993455907819,1.250077339101275,0.22803899675524653,998.6194477460011,1006.8682506300315
2026-07-14 20:46:01.985,2026-07-14 20:46:22,12568653,996.4119,996.4094191698758,22.85417,22.79229518,22.773287918249455,1016,22.902687999999998,22.900562713887087,20.19,22.83692531606827,-0.7889530994466557,1.2739527791711018,0.24249983986222307,998.590403725992,1006.827633325658
2026-07-14 20:46:22.000,2026-07-14 20:46:22,12588668,996.407,996.4082315350312,22.8125,22.748375000000003,22.764020996576004,1018,22.909274,22.90916826719892,20.2,22.83659463188746,-0.7890925364447889,1.2689792330101268,0.23994334828266894,998.560187493981,1006.8579633158196
2026-07-14 20:46:41.565,2026-07-14 20:56:22,12608672,996.4185,996.4162254879724,22.83333,22.77032982,22.76648670506401,1021,22.919152999999998,22.918543530167547,20.21,22.84251511761578,-0.7865960917844299,1.3024561001976191,0.2579300042065946,998.5365781978061,1006.857651446463
2026-07-14 20:47:01.580,2026-07-14 20:56:22,12628687,996.4263,996.4253829760553,22.8125,22.748375000000003,22.75874443189933,1023,22.925739,22.926407708795445,20.22,22.842576070347388,-0.7865703903254042,1.3408055894399507,0.2771175995572732,998.519232484827,1006.8932489587255
2026-07-14 20:47:21.595,2026-07-14 20:56:22,12648702,996.4253,996.4271080076865,22.83333,22.77032982,22.762709499568913,1025,22.932325,22.93324192098757,20.23,22.84797571027824,-0.7842935666167062,1.348029631817426,0.2818680326003599,998.4979132171385,1006.8815002730456
2026-07-14 20:47:41.610,2026-07-14 20:56:22,12668717,996.4202,996.4224485596189,22.8125,22.748375000000003,22.75626058662582,1028,22.942203999999997,22.941728356398777,20.24333,22.8489944715123,-0.7838639935783356,1.3285169169853004,0.2723264617034824,998.4646257636613,1006.8987355796945
2026-07-14 20:48:01.625,2026-07-14 20:56:22,12688732,996.4412,996.4366128584587,22.8125,22.748375000000003,22.75164604258374,1032,22.955375999999998,22.953360146277227,20.25,22.85250309443048,-0.7823845401430514,1.387833797451139,0.3027246286540438,998.439595978463,1006.9287514662109
2026-07-14 20:48:21.640,2026-07-14 20:56:22,12708747,996.4247,996.4293691495219,22.83333,22.77032982,22.758293372005713,1034,22.961962,22.962410347129698,20.26,22.860351859567707,-0.7790750130676762,1.3574987824959552,0.2892118847141395,998.4018222257151,1006.898811845551
2026-07-14 20:48:41.655,2026-07-14 20:56:22,12728762,996.4219,996.4229353918287,22.83333,22.77032982,22.763541531962584,1035,22.965255,22.96763884496073,20.27,22.86559018846166,-0.776866208115413,1.330555660188772,0.27684472603667953,998.3777472381377,1006.8744527999352
2026-07-14 20:49:01.670,2026-07-14 20:56:22,12748777,996.4468,996.4404677478083,22.85417,22.79229518,22.7769964280183,1037,22.971840999999998,22.972975093222527,20.28,22.87498576062041,-0.7729044510868389,1.4039772023131205,0.3155363756131408,998.3773225275919,1006.8463887439922
2026-07-14 20:49:21.685,2026-07-14 20:56:22,12768792,996.431,996.4354997983974,22.83333,22.77032982,22.77681534056766,1040,22.98172,22.98085276491229,20.29,22.878834052739975,-0.7712817720104523,1.3831725536184818,0.3059453908040147,998.3457862247247,1006.8419850335075
2026-07-14 20:49:41.700,2026-07-14 20:56:22,12788807,996.4382,996.4374928870411,22.8125,22.748375000000003,22.76624248868745,1041,22.985013,22.986077177891573,20.30333,22.876159833289513,-0.7724093890969699,1.3915191581470188,0.30955488452502444,998.330170349163,1006.8799726723196
2026-07-14 20:50:01.715,2026-07-14 20:56:22,12808822,996.43,996.4319016116534,22.83333,22.77032982,22.767710229266598,1043,22.991598999999997,22.99183252352482,20.30333,22.87977137639571,-0.7708865381153358,1.3681041612187874,0.2986088115517258,998.3051665915318,1006.8693287430884
2026-07-14 20:50:21.730,2026-07-14 20:56:22,12828837,996.4543,996.4486499801238,22.83333,22.77032982,22.76886390528113,1046,23.001478,23.000148487126644,20.32,22.884506196203887,-0.7688900438798457,1.4382425409434427,0.3346762485317985,998.2939133389106,1006.8823270777574
2026-07-14 20:50:41.745,2026-07-14 20:56:22,12848852,996.4327,996.4385760241205,22.85417,22.79229518,22.779352075154808,1049,23.011356999999997,23.00988692286266,20.32667,22.894619499008733,-0.7646256470137245,1.3960550912978427,0.3157147221420591,998.2509948005334,1006.836462614424
2026-07-14 20:51:01.760,2026-07-14 20:56:22,12868867,996.4363,996.4358556440941,22.83333,22.77032982,22.77720934302734,1050,23.01465,23.01597516984127,20.33333,22.896592256434303,-0.7637938099031827,1.3846627549264363,0.3104344725116268,998.2277486073614,1006.8410040687364
2026-07-14 20:51:21.775,2026-07-14 20:56:22,12888882,996.4521,996.4479055897599,22.83333,22.77032982,22.775138891422305,1050,23.01465,23.017750695623793,20.33667,22.89644479352305,-0.7638559894293728,1.4351252024336523,0.3356346065021397,998.233835774356,1006.860224331312
2026-07-14 20:51:41.790,2026-07-14 20:56:22,12908897,996.4587,996.4580851252138,22.8125,22.748375000000003,22.76371892306098,1045,22.998185,23.006882313512733,20.34,22.885300618286855,-0.7685550661671874,1.4777547949425833,0.35459986438769797,998.2806671708751,1006.9093676088831
2026-07-14 20:52:01.805,2026-07-14 20:56:22,12928912,996.4729,996.4717678251935,22.85417,22.79229518,22.774687818399745,1041,22.985013,22.99177028338739,20.33667,22.88322905089357,-0.7694285676998082,1.5350548482901443,0.38281314029516805,998.3453175747372,1006.8858706905025
2026-07-14 20:52:21.820,2026-07-14 20:56:22,12948927,996.4541,996.4606392913876,22.8125,22.748375000000003,22.76375228338212,1039,22.978427,22.979953047559395,20.33333,22.871852665470758,-0.7742255586809911,1.4884510652864624,0.3571127533027357,998.3740072155148,1006.9118350483878
2026-07-14 20:52:41.835,2026-07-14 20:56:22,12968942,996.4578,996.457389572704,22.83333,22.77032982,22.765332029327475,1037,22.971840999999998,22.970992284088535,20.33,22.868162156708003,-0.7757817064900673,1.4748419783218651,0.34953013591589893,998.4009624353474,1006.9031758577022
2026-07-14 20:53:01.850,2026-07-14 20:56:22,12988957,996.4697,996.4662488918981,22.8125,22.748375000000003,22.757197322262673,1032,22.955375999999998,22.957506739707014,20.32,22.857352030984842,-0.7803399271965741,1.5119428036850868,0.36580143824425637,998.4553093447278,1006.9398088053849
2026-07-14 20:53:21.865,2026-07-14 20:56:22,13008972,996.4731,996.4728049382236,22.85417,22.79229518,22.77083168263195,1027,22.938910999999997,22.941438292285323,20.31333,22.85613498745864,-0.7808531083698489,1.5393980431302032,0.37927246738017717,998.5160635371558,1006.9000393565856
2026-07-14 20:53:41.880,2026-07-14 20:56:22,13028987,996.4899,996.4875589275468,22.8125,22.748375000000003,22.76187729839791,1022,22.922445999999997,22.924311058566243,20.3,22.843094178482076,-0.7863519237424775,1.6011844139898903,0.4074162451237064,998.5886105455963,1006.9454172891506
2026-07-14 20:54:01.895,2026-07-14 20:56:22,13049002,996.499,996.4992216063569,22.83333,22.77032982,22.764804278364767,1016,22.902687999999998,22.904908402285,20.29,22.834856340324883,-0.7898255081786434,1.650025075480482,0.4300997836509193,998.665743439081,1006.9472422560095
2026-07-14 20:54:21.910,2026-07-14 20:56:22,13069017,996.5069,996.5078083016945,22.83333,22.77032982,22.767143031161524,1010,22.882929999999998,22.884571090828217,20.27333,22.82585706099487,-0.7936201635264358,1.6859842137830092,0.4461820251282867,998.7429568416198,1006.9479606008306
2026-07-14 20:54:41.925,2026-07-14 20:56:22,13089032,996.5119,996.5130638359635,22.8125,22.748375000000003,22.759204710306765,1004,22.863172,22.864080986317518,20.25667,22.81164284831214,-0.7996137588125941,1.707993202829909,0.4541897220086574,998.8173575491804,1006.9802846109721
2026-07-14 20:55:01.940,2026-07-14 20:56:22,13109047,996.4971,996.5019339392685,22.8125,22.748375000000003,22.75338715655152,999,22.846707,22.845873272517167,20.23,22.799630214534343,-0.8046790316343818,1.6613837123550204,0.4283523403603193,998.8676418858305,1006.9888351358676
2026-07-14 20:55:21.955,2026-07-14 20:56:22,13129062,996.5099,996.5067926027251,22.8125,22.748375000000003,22.74949348592074,994,22.830242,22.82904485076228,20.21333,22.789269168341512,-0.8090478925067439,1.681730696186693,0.4363414018399745,998.9293047798014,1007.0069957202403
2026-07-14 20:55:41.970,2026-07-14 20:56:22,13149077,996.5459,996.5378381775766,22.8125,22.748375000000003,22.747170153673807,989,22.813776999999998,22.812830160007753,20.20667,22.780000156840778,-0.812956283697882,1.811742543104987,0.4993931297035525,999.0151551125871,1007.0462755098197
2026-07-14 20:56:01.985,2026-07-14 20:56:22,13169092,996.5289,996.5358416059765,22.8125,22.748375000000003,22.74602052022397,986,22.803897999999997,22.80096574371732,20.18667,22.773493131970646,-0.815700049705824,1.8033813527429046,0.4938406515185403,999.0532031443328,1007.0481705148778
2026-07-14 20:56:22.000,2026-07-14 20:56:22,13189107,996.5432,996.5426441598106,22.8125,22.748375000000003,22.745673939186478,983,22.794019,22.791304458174114,20.17333,22.768489198680296,-0.8178100189071242,1.8318689098893641,0.50702944549112,999.0926381474746,1007.056224386227
2026-07-14 20:56:42.565,2026-07-14 21:06:23,13209124,996.5339,996.5370792935355,22.79167,22.72642018,22.736073229745273,978,22.777554,22.778032398976173,20.15667,22.757052814360723,-0.822632309151294,1.808564508352588,0.492966099600647,999.1318670392806,1007.0832769011568
2026-07-14 20:57:02.580,2026-07-14 21:06:23,13229139,996.5327,996.5331084339056,22.79167,22.72642018,22.729537698779946,975,22.767674999999997,22.766905094059943,20.14,22.748221396419943,-0.8263561837070938,1.791935446181588,0.48278963123724705,999.1654558487961,1007.1015088745512
2026-07-14 20:57:22.595,2026-07-14 21:06:23,13249154,996.5298,996.5297440430946,22.79167,22.72642018,22.72549195485308,970,22.75121,22.752606597811646,20.12,22.739049276332363,-0.8302237194579686,1.7778461382793918,0.4738112094107116,999.2103637113131,1007.1118796674639
2026-07-14 20:57:42.610,2026-07-14 21:06:23,13269169,996.535,996.5331248716201,22.79167,22.72642018,22.723344485074673,966,22.738038,22.738584081299095,20.10333,22.730964283186886,-0.8336328549399658,1.7920042836128232,0.4791857143364287,999.2611075778398,1007.1226061114136
2026-07-14 20:58:02.625,2026-07-14 21:06:23,13289184,996.541,996.5396319090625,22.79167,22.72642018,22.722529901765164,963,22.728158999999998,22.727035842678756,20.09,22.724782872221958,-0.8362393218930182,1.8192542849380884,0.4915074815225351,999.3066343771319,1007.1319550787455
2026-07-14 20:58:22.640,2026-07-14 21:06:23,13309199,996.5477,996.5470733531807,22.8125,22.748375000000003,22.73222138069594,960,22.71828,22.71691215009371,20.07,22.724566765394826,-0.8363304459594239,1.8504173701179976,0.5070434620792869,999.3482900624945,1007.1064872527573
2026-07-14 20:58:42.655,2026-07-14 21:06:23,13329214,996.5383,996.541673491717,22.79167,22.72642018,22.73003732609413,958,22.711693999999998,22.709484970357202,20.06,22.719761148225665,-0.8383567927613933,1.827803971417547,0.4947235893280768,999.3679622666477,1007.1084641454315
2026-07-14 20:59:02.670,2026-07-14 21:06:23,13349229,996.5633,996.5581692993471,22.77083,22.704454820000002,22.718698564810182,956,22.705108,22.703299254193652,20.05,22.710998909501917,-0.8420514970607492,1.8968846834564534,0.5274165931978521,999.4054000411772,1007.163731552495
2026-07-14 20:59:22.685,2026-07-14 21:06:23,13369244,996.5722,996.571648802244,22.79167,22.72642018,22.720201961728378,954,22.698521999999997,22.69743415072487,20.03667,22.708818056226626,-0.8429710803118476,1.9533337933712662,0.5551813565297092,999.4387312929966,1007.1722367649304
2026-07-14 20:59:42.700,2026-07-14 21:06:23,13389259,996.5554,996.5617113079594,22.79167,22.72642018,22.72183040421843,953,22.695228999999998,22.693559306324946,20.02,22.70769485527169,-0.8434446916260424,1.9117178145446723,0.534136561459315,999.4418553401049,1007.1566502670192
2026-07-14 21:00:02.715,2026-07-14 21:06:23,13409274,996.5751,996.5713901434343,22.79167,22.72642018,22.72332312477241,950,22.68535,22.686379864085698,20.01,22.704851494429054,-0.8446436292333273,1.9522505887686903,0.5538034797676815,999.4758171257795,1007.1613507133849
2026-07-14 21:00:22.730,2026-07-14 21:06:23,13429289,996.5683,996.5702769287793,22.79167,22.72642018,22.724551116282825,950,22.68535,22.683459930762606,20.0,22.704005523522717,-0.8450003431329727,1.9475886975328462,0.5512941771999368,999.4845656748691,1007.1560455726666
2026-07-14 21:00:42.745,2026-07-14 21:06:23,13449304,996.5562,996.5594207396432,22.79167,22.72642018,22.725475533142063,946,22.672178,22.674591192522108,19.99333,22.700033362832087,-0.84667525289566,1.9021254324191814,0.5277250897617607,999.5036416792027,1007.1419273989356
2026-07-14 21:01:02.760,2026-07-14 21:06:23,13469319,996.5469,996.5479404973062,22.77083,22.704454820000002,22.716456515047213,944,22.665591999999997,22.666412109694097,19.98,22.691434312370653,-0.8503011468837038,1.8540487736217652,0.5018738133690307,999.5197626629589,1007.1610260126712
2026-07-14 21:01:22.775,2026-07-14 21:06:23,13489334,996.5757,996.5674355470237,22.77083,22.704454820000002,22.70988522012265,941,22.655713,22.656885421749983,19.97667,22.683385320936317,-0.8536951018072695,1.935689633282493,0.5409972657376119,999.5715067805667,1007.2030990061367
2026-07-14 21:01:42.790,2026-07-14 21:06:23,13509349,996.5601,996.5641548423656,22.75,22.6825,22.695864505795644,940,22.65242,22.6509684703198,19.96667,22.673416488057722,-0.8578985811756511,1.9219507840638126,0.5320261014440808,999.5882107004279,1007.2475164570923
2026-07-14 21:02:02.805,2026-07-14 21:06:23,13529364,996.5464,996.5503864151717,22.75,22.6825,22.686318064310754,937,22.642540999999998,22.642982316742657,19.95333,22.664650190526707,-0.8615949969203502,1.8642917245295996,0.5013483638046247,999.6013881337079,1007.2661031889462
2026-07-14 21:02:22.820,2026-07-14 21:06:23,13549379,996.566,996.560489481049,22.77083,22.704454820000002,22.6901375437034,934,22.632662,22.633645987436857,19.95,22.66189176557013,-0.8627581202804682,1.906601079744415,0.5219214797319734,999.6430745930893,1007.2633103301271
2026-07-14 21:02:42.835,2026-07-14 21:06:23,13569394,996.5608,996.5617528638104,22.75,22.6825,22.684436090292873,931,22.622783,22.623649315653296,19.94,22.654042702973086,-0.8660677727833852,1.9118918410513295,0.5229120341339721,999.6781282484826,1007.2839997344182
2026-07-14 21:03:02.850,2026-07-14 21:06:23,13589409,996.573,996.5710426909751,22.75,22.6825,22.68099635290465,929,22.616197,22.615556006980544,19.93,22.6482761799426,-0.8684992972036609,1.9507955364414542,0.5411481196188966,999.7148025058157,1007.3051016891872
2026-07-14 21:03:22.865,2026-07-14 21:06:23,13609424,996.5837,996.5825582812708,22.75,22.6825,22.67925888259246,927,22.609610999999997,22.608630145423096,19.91667,22.643944514007778,-0.8703257967156385,1.9990202244964788,0.5643472138904202,999.7497652911811,1007.3226575066222
2026-07-14 21:03:42.880,2026-07-14 21:06:23,13629439,996.5761,996.5797450057677,22.75,22.6825,22.678694977223802,926,22.606317999999998,22.60433827602808,19.91,22.641516626625943,-0.8713495448958501,1.9872388628754896,0.5579446589898197,999.7614510051369,1007.3217340544769
2026-07-14 21:04:02.895,2026-07-14 21:06:23,13649454,996.5615,996.5656068587917,22.75,22.6825,22.678860002230515,925,22.603025,22.601315579689192,19.89667,22.640087790959853,-0.871952030795289,1.9280315005014839,0.5280397348530974,999.7574855359509,1007.306881598634
2026-07-14 21:04:22.910,2026-07-14 21:06:23,13669469,996.5867,996.5799502157996,22.75,22.6825,22.67941264289793,922,22.593145999999997,22.594456420661952,19.89,22.636934531779943,-0.8732816407975165,1.9880982360836121,0.5574082976430479,999.7950623995922,1007.3194977695271
2026-07-14 21:04:42.925,2026-07-14 21:06:23,13689484,996.5859,996.5862885049839,22.75,22.6825,22.680112631440856,920,22.58656,22.58735421219598,19.88333,22.63373342181842,-0.8746314276625442,2.014641557864494,0.5700050651009748,999.8254316247612,1007.3235208440179
2026-07-14 21:05:02.940,2026-07-14 21:06:23,13709499,996.5969,996.5960581545116,22.72917,22.660545180000003,22.671154918240276,918,22.579974,22.580328767343868,19.88,22.625741842792074,-0.8780011739475043,2.0555546408051284,0.5887767334288121,999.8589853678906,1007.3638986537237
2026-07-14 21:05:22.955,2026-07-14 21:06:23,13729514,996.5993,996.6005335315969,22.75,22.6825,22.674445707005095,915,22.570095,22.57136683009306,19.87,22.622906268549077,-0.8791968282405506,2.0742965079886817,0.5975498398740655,999.8937766025699,1007.357216291078
2026-07-14 21:05:42.970,2026-07-14 21:06:23,13749529,996.5982,996.5999328706496,22.72917,22.660545180000003,22.66765623167008,913,22.563509,22.563517827521196,19.85667,22.615587029595638,-0.8822830741740235,2.0717810757733077,0.5947490007996421,999.9197137110109,1007.3797295480276
2026-07-14 21:06:02.985,2026-07-14 21:06:23,13769544,996.6023,996.6020244936619,22.72917,22.660545180000003,22.662952576051218,911,22.556922999999998,22.55647307705068,19.85,22.609712826550947,-0.8847600031791291,2.0805403199552104,0.5978901583880407,999.9456338958247,1007.3978619486948
2026-07-14 21:06:23.000,2026-07-14 21:06:23,13789559,996.6046,996.6044371571276,22.70833,22.63857982,22.650355987701964,910,22.55363,22.551969094264596,19.83333,22.60116254098328,-0.8883653348578878,2.090644008956282,0.6011393370491971,999.9632853566552,1007.4432006517465
2026-07-14 21:06:42.700,2026-07-14 21:13:23,13809578,996.5965,996.5987355908886,22.72917,22.660545180000003,22.6514819412315,908,22.547044,22.546694464698287,19.83667,22.599088202964893,-0.8892400046582081,2.0667671388839266,0.5887635671128593,999.9754017902198,1007.4336023168661
2026-07-14 21:07:02.715,2026-07-14 21:13:23,13829593,996.6143,996.6101529765347,22.70833,22.63857982,22.643586098047493,906,22.540457999999997,22.540661840745106,19.82333,22.592123969396297,-0.8921765582626965,2.1145805680737215,0.6112020049055125,1000.007259399487,1007.4720363300767
2026-07-14 21:07:22.730,2026-07-14 21:13:23,13849608,996.6174,996.6174306481405,22.72917,22.660545180000003,22.648161522101084,906,22.540457999999997,22.53841608766733,19.82,22.593288804884207,-0.8916853912423828,2.145057811006546,0.6266862098820816,1000.0221569873114,1007.4638095669048
2026-07-14 21:07:42.745,2026-07-14 21:13:23,13869623,996.6162,996.6180464541715,22.70833,22.63857982,22.642648529875316,905,22.537164999999998,22.53615276353261,19.81,22.589400646703965,-0.8933248803270823,2.1476366674075624,0.62715589354024,1000.0304295527656,1007.4832092270733
2026-07-14 21:08:02.760,2026-07-14 21:13:23,13889638,996.6159,996.6168873650929,22.6875,22.616625000000003,22.629395954094605,904,22.533872,22.533554240452812,19.80333,22.58147509727371,-0.8966667844314932,2.1427826644597516,0.6230579400141292,1000.0380549416176,1007.5271783471852
2026-07-14 21:08:22.775,2026-07-14 21:13:23,13909653,996.6077,996.6096445046938,22.70833,22.63857982,22.630001331053567,901,22.523992999999997,22.526404893614025,19.8,22.578203112333796,-0.8980464565913221,2.112451202988787,0.6072023731987326,1000.054967595088,1007.5177940922069
2026-07-14 21:08:42.790,2026-07-14 21:13:23,13929668,996.6196,996.6162923040624,22.70833,22.63857982,22.63142552119258,899,22.517407,22.518846870939992,19.79,22.575136196066286,-0.8993396590566493,2.140290683429544,0.6204755121864474,1000.0872024104742,1007.5196634141444
2026-07-14 21:09:02.805,2026-07-14 21:13:23,13949683,996.6048,996.6080232468158,22.6875,22.616625000000003,22.623477360973915,896,22.507527999999997,22.50934687741376,19.78667,22.566412119193835,-0.9030182719482607,2.10566174162241,0.6013217348370747,1000.111038641438,1007.5383781949429
2026-07-14 21:09:22.820,2026-07-14 21:13:23,13969698,996.606,996.6053306668491,22.6875,22.616625000000003,22.61815682776973,895,22.504234999999998,22.503233542136318,19.77667,22.560695184953026,-0.905428886653542,2.0943858256143306,0.5944784694803943,1000.1290162207844,1007.5537805060345
2026-07-14 21:09:42.835,2026-07-14 21:13:23,13989713,996.6096,996.60795327093,22.6875,22.616625000000003,22.614981578437625,894,22.500942,22.49924155601468,19.77,22.55711156722615,-0.9069399625600737,2.1053686984367403,0.5992143679383333,1000.1451523150662,1007.5672487627359
2026-07-14 21:10:02.850,2026-07-14 21:13:23,14009728,996.6219,996.6191035447972,22.6875,22.616625000000003,22.613409978285766,893,22.497649,22.4962381165681,19.76,22.554824047426933,-0.9079045230455265,2.15206352390067,0.6220795004275718,1000.1665026483809,1007.5838756288789
2026-07-14 21:10:22.865,2026-07-14 21:13:23,14029743,996.6138,996.6167666720825,22.6875,22.616625000000003,22.612935727090328,889,22.484477,22.4871865291702,19.76,22.550061128130263,-0.9099128657713644,2.1422772294251917,0.6161821818269136,1000.1947796990928,1007.5831286870039
2026-07-14 21:10:42.880,2026-07-14 21:13:23,14049758,996.6147,996.6152684815233,22.6875,22.616625000000003,22.613136364291826,886,22.474598,22.476742759087738,19.75,22.54493956168978,-0.9120724364180537,2.136003146160248,0.6119653548710972,1000.2286105129944,1007.5809304965952
2026-07-14 21:11:02.895,2026-07-14 21:13:23,14069773,996.623,996.621124502775,22.6875,22.616625000000003,22.61368982963201,882,22.461426,22.46387215284579,19.74,22.5387809912389,-0.9146692723911571,2.160526838898024,0.6229287832534334,1000.2780365484825,1007.5849654444522
2026-07-14 21:11:22.910,2026-07-14 21:13:23,14089788,996.6171,996.6188400223006,22.66667,22.59467018,22.604719276740212,881,22.458132999999997,22.45634215687514,19.73,22.530530716807675,-0.9181481007332001,2.1509599512769335,0.6164059252718668,1000.301223762404,1007.613216878132
2026-07-14 21:11:42.925,2026-07-14 21:13:23,14109803,996.6224,996.6215040184981,22.66667,22.59467018,22.59842195904276,881,22.458132999999997,22.454194566072132,19.72333,22.526308262557446,-0.9199285498129397,2.1621161649233662,0.6210938075552133,1000.3111648986524,1007.6373652461426
2026-07-14 21:12:02.940,2026-07-14 21:13:23,14129818,996.6008,996.6056632428882,22.66667,22.59467018,22.59441877183413,879,22.451546999999998,22.450465892649614,19.71667,22.522442332241873,-0.9215586662487368,2.095778578858318,0.5871099563047906,1000.3078830978895,1007.6349885102924
2026-07-14 21:12:22.955,2026-07-14 21:13:23,14149833,996.6021,996.6004730589184,22.66667,22.59467018,22.592207248563856,876,22.441668,22.44315165137593,19.70667,22.517679449969894,-0.9235669933626645,2.0740432620864317,0.5752381343618836,1000.3274254080035,1007.6372758164176
2026-07-14 21:12:42.970,2026-07-14 21:13:23,14169848,996.597,996.5962849294243,22.66667,22.59467018,22.591279316140778,874,22.435081999999998,22.435829956135247,19.69,22.51355463613801,-0.9253062711750113,2.056504322857167,0.5655990258410779,1000.3479997383561,1007.6362029048141
2026-07-14 21:13:02.985,2026-07-14 21:13:23,14189863,996.6063,996.603077911743,22.66667,22.59467018,22.591187990338508,872,22.428496,22.428740018391878,19.69,22.509964004365195,-0.9268203046391389,2.0849517966615223,0.5790657460111917,1000.3788134335057,1007.6433823005569
2026-07-14 21:13:23.000,2026-07-14 21:13:23,14209878,996.5757,996.5824074739487,22.6875,22.616625000000003,22.601228807684738,873,22.431789,22.42820706914816,19.68333,22.51471793841645,-0.9248157506510783,1.998388677534492,0.5367864634417068,1000.3598684027403,1007.5882738786198
